#model_version:v2026.06.15,score_date:2026-09-14T12:00:22Z
cve,epss,percentile
CVE-2000-0001,0.06203,0.93109
CVE-2000-0002,0.13875,0.96314
CVE-2000-0003,0.01454,0.71969
CVE-2000-0004,0.0132,0.69256
CVE-2000-0005,0.00544,0.44018
CVE-2000-0006,0.00279,0.20245
CVE-2000-0007,0.01302,0.68873
CVE-2000-0008,0.00393,0.32815
CVE-2000-0009,0.00819,0.5519
CVE-2000-0010,0.11072,0.95668
CVE-2000-0011,0.0944,0.95132
CVE-2000-0012,0.09889,0.95299
CVE-2000-0013,0.00697,0.51105
CVE-2000-0014,0.0228,0.82171
CVE-2000-0015,0.00574,0.45609
CVE-2000-0016,0.06745,0.93583
CVE-2000-0017,0.08938,0.94941
CVE-2000-0018,0.00686,0.50714
CVE-2000-0019,0.00223,0.12887
CVE-2000-0020,0.01943,0.79016
CVE-2000-0021,0.01359,0.70135
CVE-2000-0022,0.01138,0.64778
CVE-2000-0023,0.01396,0.70889
CVE-2000-0024,0.12223,0.95935
CVE-2000-0025,0.34852,0.98337
CVE-2000-0026,0.04588,0.91114
CVE-2000-0027,0.00612,0.47437
CVE-2000-0028,0.23126,0.97633
CVE-2000-0029,0.00317,0.24498
CVE-2000-0030,0.01025,0.61657
CVE-2000-0031,0.00328,0.25787
CVE-2000-0032,0.02685,0.85006
CVE-2000-0033,0.01003,0.61007
CVE-2000-0034,0.0144,0.71708
CVE-2000-0035,0.00594,0.46555
CVE-2000-0036,0.03922,0.8975
CVE-2000-0037,0.00679,0.50419
CVE-2000-0038,0.06567,0.93433
CVE-2000-0039,0.05917,0.92824
CVE-2000-0040,0.01906,0.78592
CVE-2000-0041,0.0137,0.70372
CVE-2000-0042,0.02981,0.86533
CVE-2000-0043,0.0727,0.93996
CVE-2000-0044,0.03072,0.8691
CVE-2000-0045,0.06992,0.93778
CVE-2000-0046,0.0727,0.93996
CVE-2000-0047,0.01893,0.7844
CVE-2000-0048,0.01611,0.74575
CVE-2000-0049,0.02077,0.80427
CVE-2000-0050,0.00336,0.26647
CVE-2000-0051,0.01291,0.68622
CVE-2000-0052,0.00889,0.57335
CVE-2000-0053,0.14696,0.96469
CVE-2000-0054,0.05836,0.92741
CVE-2000-0055,0.00343,0.27503
CVE-2000-0056,0.06049,0.92957
CVE-2000-0057,0.05547,0.92393
CVE-2000-0058,0.01409,0.71135
CVE-2000-0059,0.10924,0.95624
CVE-2000-0060,0.02739,0.85326
CVE-2000-0061,0.19822,0.97262
CVE-2000-0062,0.02236,0.81835
CVE-2000-0063,0.01359,0.70134
CVE-2000-0064,0.01302,0.68872
CVE-2000-0065,0.12878,0.96077
CVE-2000-0066,0.0204,0.80042
CVE-2000-0067,0.00387,0.32226
CVE-2000-0068,0.0146,0.72086
CVE-2000-0069,0.00387,0.32225
CVE-2000-0070,0.0226,0.82008
CVE-2000-0071,0.28058,0.97993
CVE-2000-0072,0.00335,0.26525
CVE-2000-0073,0.20685,0.97385
CVE-2000-0074,0.0978,0.9526
CVE-2000-0075,0.02491,0.83745
CVE-2000-0076,0.00305,0.23049
CVE-2000-0077,0.00975,0.60143
CVE-2000-0078,0.00529,0.43199
CVE-2000-0079,0.02032,0.79973
CVE-2000-0080,0.00302,0.22773
CVE-2000-0081,0.18773,0.97114
CVE-2000-0082,0.14516,0.96435
CVE-2000-0083,0.00497,0.41121
CVE-2000-0084,0.00877,0.57027
CVE-2000-0085,0.14941,0.96507
CVE-2000-0086,0.0137,0.70371
CVE-2000-0087,0.01344,0.69802
CVE-2000-0088,0.01925,0.78801
CVE-2000-0089,0.02256,0.81985
CVE-2000-0090,0.00338,0.26898
CVE-2000-0091,0.12869,0.96076
CVE-2000-0092,0.0026,0.17819
CVE-2000-0093,0.01347,0.69859
CVE-2000-0094,0.00724,0.52084
CVE-2000-0095,0.023,0.82341
CVE-2000-0096,0.00509,0.41909
CVE-2000-0097,0.35884,0.98377
CVE-2000-0098,0.48542,0.98798
CVE-2000-0099,0.00355,0.28888
CVE-2000-0100,0.02832,0.85849
CVE-2000-0101,0.0215,0.81104
CVE-2000-0102,0.0215,0.81104
CVE-2000-0103,0.02085,0.80514
CVE-2000-0104,0.02085,0.80513
CVE-2000-0105,0.20653,0.97383
CVE-2000-0106,0.02032,0.79974
CVE-2000-0107,0.00788,0.54179
CVE-2000-0108,0.02032,0.79974
CVE-2000-0109,0.08422,0.94669
CVE-2000-0110,0.02032,0.79974
CVE-2000-0111,0.01403,0.71026
CVE-2000-0112,0.00394,0.32984
CVE-2000-0113,0.02515,0.83914
CVE-2000-0114,0.47595,0.98775
CVE-2000-0115,0.0983,0.95278
CVE-2000-0116,0.02482,0.83685
CVE-2000-0117,0.00435,0.36778
CVE-2000-0118,0.00786,0.54117
CVE-2000-0119,0.01226,0.67151
CVE-2000-0120,0.0125,0.67723
CVE-2000-0121,0.04657,0.91222
CVE-2000-0122,0.21474,0.97472
CVE-2000-0123,0.02049,0.8015
CVE-2000-0124,0.00383,0.31769
CVE-2000-0125,0.05547,0.92392
CVE-2000-0126,0.45661,0.98725
CVE-2000-0127,0.04189,0.90364
CVE-2000-0128,0.04665,0.91234
CVE-2000-0129,0.03789,0.89366
CVE-2000-0130,0.00969,0.5994
CVE-2000-0131,0.07554,0.94168
CVE-2000-0132,0.1904,0.97146
CVE-2000-0133,0.08008,0.94436
CVE-2000-0134,0.02146,0.81073
CVE-2000-0135,0.02146,0.81074
CVE-2000-0136,0.0683,0.93643
CVE-2000-0137,0.02146,0.81073
CVE-2000-0138,0.02081,0.80463
CVE-2000-0139,0.0059,0.46371
CVE-2000-0140,0.01291,0.68624
CVE-2000-0141,0.0348,0.88443
CVE-2000-0142,0.08017,0.94441
CVE-2000-0143,0.00349,0.28208
CVE-2000-0144,0.01604,0.74485
CVE-2000-0145,0.01542,0.73527
CVE-2000-0146,0.06336,0.93233
CVE-2000-0147,0.00365,0.29927
CVE-2000-0148,0.04735,0.91343
CVE-2000-0149,0.07379,0.94067
CVE-2000-0150,0.02201,0.81543
CVE-2000-0151,0.0032,0.24769
CVE-2000-0152,0.05493,0.92327
CVE-2000-0153,0.13691,0.96272
CVE-2000-0154,0.00838,0.55782
CVE-2000-0155,0.03939,0.89803
CVE-2000-0156,0.12829,0.96066
CVE-2000-0157,0.00343,0.27448
CVE-2000-0158,0.0183,0.77661
CVE-2000-0159,0.01997,0.79586
CVE-2000-0160,0.09212,0.95044
CVE-2000-0161,0.10069,0.95358
CVE-2000-0162,0.07554,0.94168
CVE-2000-0163,0.00722,0.52002
CVE-2000-0164,0.00734,0.52435
CVE-2000-0165,0.11458,0.95765
CVE-2000-0166,0.05794,0.92688
CVE-2000-0167,0.0271,0.85153
CVE-2000-0168,0.19598,0.9723
CVE-2000-0169,0.2669,0.97906
CVE-2000-0170,0.01986,0.79457
CVE-2000-0171,0.00773,0.53722
CVE-2000-0172,0.00822,0.5528
CVE-2000-0173,0.01317,0.69186
CVE-2000-0174,0.05917,0.92823
CVE-2000-0175,0.02417,0.83231
CVE-2000-0176,0.0208,0.80459
CVE-2000-0177,0.09923,0.95315
CVE-2000-0178,0.01387,0.7071
CVE-2000-0179,0.09696,0.95229
CVE-2000-0180,0.07396,0.94079
CVE-2000-0181,0.01575,0.74063
CVE-2000-0182,0.01962,0.79214
CVE-2000-0183,0.07478,0.94123
CVE-2000-0184,0.00382,0.31617
CVE-2000-0185,0.05134,0.91923
CVE-2000-0186,0.00417,0.35147
CVE-2000-0187,0.08532,0.94738
CVE-2000-0188,0.03005,0.8664
CVE-2000-0189,0.01931,0.7887
CVE-2000-0190,0.01317,0.69185
CVE-2000-0191,0.10886,0.95612
CVE-2000-0192,0.05917,0.92823
CVE-2000-0193,0.01344,0.69808
CVE-2000-0194,0.0154,0.735
CVE-2000-0195,0.0154,0.735
CVE-2000-0196,0.03014,0.86673
CVE-2000-0197,0.01641,0.75061
CVE-2000-0198,0.08428,0.94682
CVE-2000-0199,0.01453,0.71946
CVE-2000-0200,0.15706,0.96659
CVE-2000-0201,0.06848,0.93659
CVE-2000-0202,0.09522,0.95163
CVE-2000-0203,0.0181,0.77383
CVE-2000-0204,0.07355,0.9405
CVE-2000-0205,0.01727,0.76272
CVE-2000-0206,0.01067,0.62898
CVE-2000-0207,0.07655,0.94238
CVE-2000-0208,0.06863,0.93668
CVE-2000-0209,0.02083,0.8049
CVE-2000-0210,0.00563,0.45095
CVE-2000-0211,0.21326,0.97458
CVE-2000-0212,0.05351,0.92175
CVE-2000-0213,0.09998,0.95337
CVE-2000-0214,0.00857,0.56417
CVE-2000-0215,0.00345,0.27693
CVE-2000-0216,0.05145,0.9194
CVE-2000-0217,0.00972,0.60038
CVE-2000-0218,0.00846,0.56023
CVE-2000-0219,0.00955,0.59447
CVE-2000-0220,0.0144,0.71708
CVE-2000-0221,0.05277,0.92101
CVE-2000-0222,0.15049,0.96525
CVE-2000-0223,0.0094,0.58978
CVE-2000-0224,0.00563,0.45095
CVE-2000-0225,0.02567,0.84262
CVE-2000-0226,0.06808,0.93628
CVE-2000-0227,0.00771,0.53654
CVE-2000-0228,0.13683,0.96271
CVE-2000-0229,0.00805,0.5475
CVE-2000-0230,0.00917,0.58227
CVE-2000-0231,0.00773,0.53722
CVE-2000-0232,0.03454,0.88348
CVE-2000-0233,0.04626,0.91178
CVE-2000-0234,0.07301,0.94017
CVE-2000-0235,0.00398,0.33403
CVE-2000-0236,0.05917,0.92824
CVE-2000-0237,0.02144,0.81051
CVE-2000-0238,0.02024,0.79889
CVE-2000-0239,0.03562,0.88683
CVE-2000-0240,0.07653,0.94235
CVE-2000-0241,0.01231,0.67262
CVE-2000-0242,0.08088,0.94487
CVE-2000-0243,0.07301,0.94019
CVE-2000-0244,0.02326,0.82553
CVE-2000-0245,0.11676,0.95814
CVE-2000-0246,0.79976,0.9959
CVE-2000-0247,0.00349,0.28205
CVE-2000-0248,0.73662,0.99442
CVE-2000-0249,0.0034,0.27125
CVE-2000-0250,0.00622,0.47957
CVE-2000-0251,0.01642,0.75072
CVE-2000-0252,0.02213,0.81639
CVE-2000-0253,0.02535,0.84054
CVE-2000-0254,0.0602,0.92927
CVE-2000-0255,0.0133,0.69471
CVE-2000-0256,0.11698,0.95821
CVE-2000-0257,0.03482,0.88453
CVE-2000-0258,0.19607,0.97231
CVE-2000-0259,0.01476,0.72411
CVE-2000-0260,0.13893,0.96317
CVE-2000-0261,0.01593,0.74312
CVE-2000-0262,0.07277,0.94005
CVE-2000-0263,0.01016,0.61361
CVE-2000-0264,0.00718,0.51862
CVE-2000-0265,0.00467,0.39131
CVE-2000-0266,0.16225,0.96756
CVE-2000-0267,0.00357,0.29049
CVE-2000-0268,0.01657,0.75281
CVE-2000-0269,0.00363,0.29727
CVE-2000-0270,0.00348,0.28098
CVE-2000-0271,0.00336,0.26647
CVE-2000-0272,0.10053,0.95352
CVE-2000-0273,0.01399,0.70944
CVE-2000-0274,0.00977,0.60213
CVE-2000-0275,0.00855,0.56307
CVE-2000-0276,0.00829,0.55501
CVE-2000-0277,0.01554,0.73753
CVE-2000-0278,0.05354,0.92177
CVE-2000-0279,0.07277,0.94005
CVE-2000-0280,0.04594,0.91122
CVE-2000-0281,0.00769,0.53602
CVE-2000-0282,0.0777,0.94302
CVE-2000-0283,0.02206,0.81581
CVE-2000-0284,0.68285,0.99289
CVE-2000-0285,0.00543,0.44005
CVE-2000-0286,0.00696,0.51055
CVE-2000-0287,0.10625,0.95532
CVE-2000-0288,0.02418,0.83237
CVE-2000-0289,0.02618,0.8459
CVE-2000-0290,0.0186,0.78052
CVE-2000-0291,0.00452,0.38147
CVE-2000-0292,0.01291,0.68621
CVE-2000-0293,0.00694,0.50974
CVE-2000-0294,0.00398,0.33403
CVE-2000-0295,0.04875,0.91554
CVE-2000-0296,0.00482,0.40167
CVE-2000-0297,0.02545,0.84118
CVE-2000-0298,0.01688,0.7575
CVE-2000-0299,0.05244,0.92063
CVE-2000-0300,0.05887,0.92799
CVE-2000-0301,0.03955,0.89842
CVE-2000-0302,0.78575,0.99561
CVE-2000-0303,0.01282,0.68433
CVE-2000-0304,0.29344,0.98069
CVE-2000-0305,0.38358,0.9848
CVE-2000-0306,0.03694,0.89088
CVE-2000-0307,0.01094,0.63634
CVE-2000-0308,0.02216,0.81662
CVE-2000-0309,0.00266,0.18477
CVE-2000-0310,0.01157,0.65284
CVE-2000-0311,0.01366,0.70283
CVE-2000-0312,0.00536,0.43608
CVE-2000-0313,0.00285,0.20935
CVE-2000-0314,0.01754,0.7665
CVE-2000-0315,0.01751,0.76591
CVE-2000-0316,0.00857,0.5641
CVE-2000-0317,0.01221,0.67008
CVE-2000-0318,0.01191,0.66205
CVE-2000-0319,0.01835,0.77719
CVE-2000-0320,0.0117,0.65637
CVE-2000-0321,0.01396,0.70889
CVE-2000-0322,0.41632,0.986
CVE-2000-0323,0.05538,0.9238
CVE-2000-0324,0.03793,0.89382
CVE-2000-0325,0.03731,0.89199
CVE-2000-0326,0.00908,0.57948
CVE-2000-0327,0.1161,0.95797
CVE-2000-0328,0.24661,0.97761
CVE-2000-0329,0.07687,0.94254
CVE-2000-0330,0.15015,0.96519
CVE-2000-0331,0.07452,0.94109
CVE-2000-0332,0.03257,0.87654
CVE-2000-0333,0.07576,0.94183
CVE-2000-0334,0.00351,0.28386
CVE-2000-0335,0.01586,0.74213
CVE-2000-0336,0.00904,0.57835
CVE-2000-0337,0.00857,0.5641
CVE-2000-0338,0.01369,0.70348
CVE-2000-0339,0.07258,0.93987
CVE-2000-0340,0.012,0.66424
CVE-2000-0341,0.0521,0.92026
CVE-2000-0342,0.03453,0.88346
CVE-2000-0343,0.05598,0.92462
CVE-2000-0344,0.01851,0.77925
CVE-2000-0345,0.0051,0.41955
CVE-2000-0346,0.01751,0.76601
CVE-2000-0347,0.17596,0.96969
CVE-2000-0348,0.01546,0.73587
CVE-2000-0349,0.01094,0.63634
CVE-2000-0350,0.0787,0.9436
CVE-2000-0351,0.00312,0.23976
CVE-2000-0352,0.03509,0.88533
CVE-2000-0353,0.03877,0.89618
CVE-2000-0354,0.02438,0.83381
CVE-2000-0355,0.01184,0.66054
CVE-2000-0356,0.00402,0.33793
CVE-2000-0357,0.01563,0.73878
CVE-2000-0358,0.01943,0.79016
CVE-2000-0359,0.05539,0.92382
CVE-2000-0360,0.02694,0.85066
CVE-2000-0361,0.00338,0.26947
CVE-2000-0362,0.00864,0.56623
CVE-2000-0363,0.00331,0.26077
CVE-2000-0364,0.00378,0.31282
CVE-2000-0365,0.00378,0.31282
CVE-2000-0366,0.00351,0.2835
CVE-2000-0367,0.00435,0.36778
CVE-2000-0368,0.00369,0.30291
CVE-2000-0369,0.0185,0.77914
CVE-2000-0370,0.04847,0.91514
CVE-2000-0371,0.00326,0.25486
CVE-2000-0372,0.00355,0.28827
CVE-2000-0373,0.00382,0.31672
CVE-2000-0374,0.04197,0.90379
CVE-2000-0375,0.00308,0.23437
CVE-2000-0376,0.02981,0.86533
CVE-2000-0377,0.19224,0.97172
CVE-2000-0378,0.01085,0.63369
CVE-2000-0379,0.01811,0.77408
CVE-2000-0380,0.35005,0.98342
CVE-2000-0381,0.02635,0.84705
CVE-2000-0382,0.00917,0.58235
CVE-2000-0383,0.00992,0.60629
CVE-2000-0384,0.05892,0.92801
CVE-2000-0385,0.0155,0.73677
CVE-2000-0386,0.01387,0.70711
CVE-2000-0387,0.00302,0.22773
CVE-2000-0388,0.01883,0.78312
CVE-2000-0389,0.16503,0.96806
CVE-2000-0390,0.04061,0.90084
CVE-2000-0391,0.04061,0.90084
CVE-2000-0392,0.00442,0.37335
CVE-2000-0393,0.00818,0.55153
CVE-2000-0394,0.03429,0.8826
CVE-2000-0395,0.02677,0.84969
CVE-2000-0396,0.06874,0.93677
CVE-2000-0397,0.02725,0.85235
CVE-2000-0398,0.03159,0.87257
CVE-2000-0399,0.01329,0.69445
CVE-2000-0400,0.07402,0.94083
CVE-2000-0401,0.02398,0.83084
CVE-2000-0402,0.90609,0.99796
CVE-2000-0403,0.17931,0.97008
CVE-2000-0404,0.17931,0.97007
CVE-2000-0405,0.08351,0.94632
CVE-2000-0406,0.01025,0.61658
CVE-2000-0407,0.01077,0.63132
CVE-2000-0408,0.57964,0.99034
CVE-2000-0409,0.00308,0.23486
CVE-2000-0410,0.01357,0.70092
CVE-2000-0411,0.0736,0.94055
CVE-2000-0412,0.02748,0.85377
CVE-2000-0413,0.43893,0.98673
CVE-2000-0414,0.00483,0.40243
CVE-2000-0415,0.06057,0.9297
CVE-2000-0416,0.05751,0.9264
CVE-2000-0417,0.03238,0.87581
CVE-2000-0418,0.02526,0.83992
CVE-2000-0419,0.20999,0.97426
CVE-2000-0420,0.0149,0.72659
CVE-2000-0421,0.01741,0.76472
CVE-2000-0422,0.0203,0.79947
CVE-2000-0423,0.07783,0.94309
CVE-2000-0424,0.07655,0.94238
CVE-2000-0425,0.05794,0.92689
CVE-2000-0426,0.02526,0.83992
CVE-2000-0427,0.00764,0.53421
CVE-2000-0428,0.03213,0.87484
CVE-2000-0429,0.03242,0.87598
CVE-2000-0430,0.05917,0.92823
CVE-2000-0431,0.01404,0.7105
CVE-2000-0432,0.07655,0.94237
CVE-2000-0433,0.00321,0.24914
CVE-2000-0434,0.01399,0.70942
CVE-2000-0435,0.01612,0.74601
CVE-2000-0436,0.07115,0.93882
CVE-2000-0437,0.05857,0.92769
CVE-2000-0438,0.01077,0.63132
CVE-2000-0439,0.06262,0.93165
CVE-2000-0440,0.03238,0.87582
CVE-2000-0441,0.0093,0.58638
CVE-2000-0442,0.03349,0.87996
CVE-2000-0443,0.10029,0.95346
CVE-2000-0444,0.08187,0.94547
CVE-2000-0445,0.00413,0.34761
CVE-2000-0446,0.07909,0.94385
CVE-2000-0447,0.03519,0.88561
CVE-2000-0448,0.02363,0.82838
CVE-2000-0449,0.02151,0.81123
CVE-2000-0450,0.02026,0.79917
CVE-2000-0451,0.05351,0.92175
CVE-2000-0452,0.07703,0.94262
CVE-2000-0453,0.02964,0.86459
CVE-2000-0454,0.00894,0.57525
CVE-2000-0455,0.00398,0.334
CVE-2000-0456,0.00337,0.26799
CVE-2000-0457,0.52751,0.98905
CVE-2000-0458,0.00329,0.25867
CVE-2000-0459,0.01014,0.61304
CVE-2000-0460,0.01435,0.71612
CVE-2000-0461,0.00341,0.27254
CVE-2000-0462,0.00373,0.3077
CVE-2000-0463,0.02526,0.83992
CVE-2000-0464,0.13429,0.96205
CVE-2000-0465,0.20439,0.97347
CVE-2000-0466,0.00444,0.37539
CVE-2000-0467,0.01082,0.63287
CVE-2000-0468,0.00845,0.55975
CVE-2000-0469,0.02406,0.83146
CVE-2000-0470,0.0712,0.93887
CVE-2000-0471,0.01346,0.69838
CVE-2000-0472,0.03721,0.89169
CVE-2000-0473,0.02605,0.84513
CVE-2000-0474,0.1016,0.95387
CVE-2000-0475,0.01857,0.78014
CVE-2000-0476,0.02525,0.83981
CVE-2000-0477,0.02638,0.84715
CVE-2000-0478,0.02005,0.79716
CVE-2000-0479,0.0189,0.78394
CVE-2000-0480,0.04592,0.91118
CVE-2000-0481,0.01876,0.7823
CVE-2000-0482,0.06441,0.93331
CVE-2000-0483,0.02968,0.86476
CVE-2000-0484,0.06534,0.93402
CVE-2000-0485,0.02389,0.83021
CVE-2000-0486,0.02071,0.80371
CVE-2000-0487,0.02479,0.83664
CVE-2000-0488,0.03769,0.89312
CVE-2000-0489,0.00702,0.513
CVE-2000-0490,0.0624,0.93145
CVE-2000-0491,0.17776,0.9699
CVE-2000-0492,0.0119,0.66194
CVE-2000-0493,0.05981,0.92888
CVE-2000-0494,0.00941,0.59015
CVE-2000-0495,0.32338,0.98227
CVE-2000-0497,0.03066,0.86889
CVE-2000-0498,0.02261,0.82014
CVE-2000-0499,0.02512,0.83889
CVE-2000-0500,0.04615,0.91159
CVE-2000-0501,0.04144,0.90274
CVE-2000-0502,0.00403,0.33836
CVE-2000-0503,0.09273,0.95072
CVE-2000-0504,0.03282,0.87745
CVE-2000-0505,0.46653,0.98754
CVE-2000-0506,0.11396,0.95749
CVE-2000-0507,0.07277,0.94004
CVE-2000-0508,0.08588,0.94768
CVE-2000-0509,0.04346,0.90668
CVE-2000-0510,0.01675,0.75552
CVE-2000-0511,0.01675,0.75551
CVE-2000-0512,0.01675,0.75553
CVE-2000-0513,0.01675,0.75551
CVE-2000-0514,0.02517,0.83933
CVE-2000-0515,0.08361,0.94639
CVE-2000-0516,0.00713,0.51672
CVE-2000-0517,0.01294,0.68691
CVE-2000-0518,0.04835,0.9149
CVE-2000-0519,0.04835,0.9149
CVE-2000-0520,0.0121,0.66739
CVE-2000-0521,0.07669,0.94245
CVE-2000-0522,0.0179,0.77125
CVE-2000-0523,0.05006,0.91752
CVE-2000-0524,0.14627,0.96455
CVE-2000-0525,0.02626,0.84641
CVE-2000-0526,0.06966,0.93756
CVE-2000-0527,0.09923,0.95315
CVE-2000-0528,0.01616,0.74667
CVE-2000-0529,0.01675,0.75553
CVE-2000-0530,0.01181,0.65968
CVE-2000-0531,0.00925,0.5848
CVE-2000-0532,0.01791,0.77131
CVE-2000-0533,0.00355,0.28826
CVE-2000-0534,0.00394,0.32915
CVE-2000-0535,0.01438,0.71664
CVE-2000-0536,0.02139,0.81008
CVE-2000-0537,0.00721,0.51959
CVE-2000-0538,0.08431,0.94684
CVE-2000-0539,0.01616,0.74666
CVE-2000-0540,0.02512,0.83889
CVE-2000-0541,0.00658,0.49533
CVE-2000-0542,0.013,0.68841
CVE-2000-0543,0.01092,0.63537
CVE-2000-0544,0.17767,0.96988
CVE-2000-0545,0.00882,0.57147
CVE-2000-0546,0.02894,0.86153
CVE-2000-0547,0.02894,0.86152
CVE-2000-0548,0.02891,0.86134
CVE-2000-0549,0.02284,0.82198
CVE-2000-0550,0.02399,0.83091
CVE-2000-0551,0.04315,0.90613
CVE-2000-0552,0.01116,0.6424
CVE-2000-0553,0.01411,0.71179
CVE-2000-0554,0.01344,0.69803
CVE-2000-0555,0.01741,0.76464
CVE-2000-0556,0.01881,0.78285
CVE-2000-0557,0.04334,0.90645
CVE-2000-0558,0.05208,0.92022
CVE-2000-0559,0.00512,0.42137
CVE-2000-0561,0.02582,0.84357
CVE-2000-0562,0.01277,0.68344
CVE-2000-0563,0.02641,0.84729
CVE-2000-0564,0.01306,0.68953
CVE-2000-0565,0.00483,0.40217
CVE-2000-0566,0.00398,0.33365
CVE-2000-0567,0.32329,0.98227
CVE-2000-0568,0.01291,0.68622
CVE-2000-0569,0.03306,0.87849
CVE-2000-0570,0.03138,0.87172
CVE-2000-0571,0.06938,0.93736
CVE-2000-0572,0.00519,0.42555
CVE-2000-0573,0.96227,0.99876
CVE-2000-0574,0.5887,0.99053
CVE-2000-0575,0.00839,0.55817
CVE-2000-0576,0.03275,0.87721
CVE-2000-0577,0.04521,0.90986
CVE-2000-0578,0.00395,0.33016
CVE-2000-0579,0.00343,0.27491
CVE-2000-0580,0.16323,0.96771
CVE-2000-0581,0.22409,0.97559
CVE-2000-0582,0.07557,0.9417
CVE-2000-0583,0.01657,0.7528
CVE-2000-0584,0.05857,0.92769
CVE-2000-0585,0.06668,0.93506
CVE-2000-0586,0.04822,0.9147
CVE-2000-0587,0.04162,0.90308
CVE-2000-0588,0.07488,0.94128
CVE-2000-0589,0.03668,0.89015
CVE-2000-0590,0.07034,0.93816
CVE-2000-0591,0.01397,0.70906
CVE-2000-0592,0.03453,0.88343
CVE-2000-0593,0.01657,0.75282
CVE-2000-0594,0.09871,0.95293
CVE-2000-0595,0.00511,0.42033
CVE-2000-0596,0.2477,0.97772
CVE-2000-0597,0.12148,0.95919
CVE-2000-0598,0.01567,0.73936
CVE-2000-0599,0.02554,0.84175
CVE-2000-0600,0.02409,0.83162
CVE-2000-0601,0.0307,0.86902
CVE-2000-0602,0.00362,0.29617
CVE-2000-0603,0.02286,0.82213
CVE-2000-0604,0.00487,0.40507
CVE-2000-0605,0.00351,0.28386
CVE-2000-0606,0.00563,0.45103
CVE-2000-0607,0.01113,0.6415
CVE-2000-0608,0.01345,0.6983
CVE-2000-0609,0.0136,0.7017
CVE-2000-0610,0.016,0.74414
CVE-2000-0611,0.01588,0.7424
CVE-2000-0612,0.08644,0.948
CVE-2000-0613,0.09181,0.95033
CVE-2000-0614,0.03814,0.89453
CVE-2000-0615,0.00477,0.39858
CVE-2000-0616,0.00557,0.44765
CVE-2000-0617,0.0072,0.51931
CVE-2000-0618,0.00367,0.30103
CVE-2000-0619,0.01675,0.75551
CVE-2000-0620,0.01741,0.76466
CVE-2000-0621,0.22143,0.97533
CVE-2000-0622,0.12987,0.96101
CVE-2000-0623,0.05273,0.92095
CVE-2000-0624,0.03925,0.8976
CVE-2000-0625,0.00559,0.44839
CVE-2000-0626,0.06207,0.93112
CVE-2000-0627,0.01459,0.72081
CVE-2000-0628,0.01791,0.7713
CVE-2000-0629,0.03761,0.89287
CVE-2000-0630,0.68224,0.99288
CVE-2000-0631,0.24719,0.97766
CVE-2000-0632,0.0364,0.88914
CVE-2000-0633,0.00392,0.3267
CVE-2000-0634,0.07853,0.9435
CVE-2000-0635,0.03472,0.88414
CVE-2000-0636,0.04426,0.90813
CVE-2000-0637,0.02352,0.82758
CVE-2000-0638,0.04109,0.90196
CVE-2000-0639,0.09485,0.95149
CVE-2000-0640,0.07203,0.93952
CVE-2000-0641,0.03705,0.89119
CVE-2000-0642,0.02638,0.84717
CVE-2000-0643,0.02889,0.86118
CVE-2000-0644,0.07301,0.94018
CVE-2000-0645,0.04921,0.9162
CVE-2000-0646,0.02248,0.81924
CVE-2000-0647,0.05268,0.9209
CVE-2000-0648,0.03675,0.89036
CVE-2000-0649,0.76558,0.99512
CVE-2000-0650,0.00434,0.36746
CVE-2000-0651,0.01836,0.77735
CVE-2000-0652,0.07982,0.94424
CVE-2000-0653,0.26887,0.97918
CVE-2000-0654,0.01378,0.70539
CVE-2000-0655,0.12717,0.96036
CVE-2000-0656,0.09014,0.94974
CVE-2000-0657,0.01959,0.79185
CVE-2000-0658,0.01936,0.78924
CVE-2000-0659,0.01441,0.71716
CVE-2000-0660,0.03288,0.87778
CVE-2000-0661,0.02676,0.84963
CVE-2000-0662,0.2133,0.97459
CVE-2000-0663,0.01946,0.79045
CVE-2000-0664,0.07862,0.94356
CVE-2000-0665,0.5099,0.98862
CVE-2000-0666,0.26322,0.97883
CVE-2000-0667,0.00414,0.34929
CVE-2000-0668,0.0724,0.93975
CVE-2000-0669,0.02515,0.83915
CVE-2000-0670,0.0556,0.92408
CVE-2000-0671,0.08014,0.94439
CVE-2000-0672,0.10032,0.95346
CVE-2000-0673,0.33446,0.98279
CVE-2000-0674,0.01716,0.7615
CVE-2000-0675,0.04105,0.90188
CVE-2000-0676,0.20485,0.97361
CVE-2000-0677,0.03133,0.87151
CVE-2000-0678,0.01525,0.73238
CVE-2000-0679,0.0072,0.51928
CVE-2000-0680,0.01337,0.69636
CVE-2000-0681,0.50858,0.98859
CVE-2000-0682,0.01661,0.75354
CVE-2000-0683,0.01618,0.74695
CVE-2000-0684,0.1226,0.95946
CVE-2000-0685,0.1226,0.95946
CVE-2000-0686,0.01448,0.7185
CVE-2000-0687,0.02514,0.83909
CVE-2000-0688,0.0781,0.94326
CVE-2000-0689,0.0781,0.94326
CVE-2000-0690,0.1051,0.95498
CVE-2000-0691,0.00916,0.5822
CVE-2000-0692,0.01406,0.71099
CVE-2000-0693,0.01017,0.61395
CVE-2000-0694,0.00439,0.37129
CVE-2000-0695,0.00873,0.56903
CVE-2000-0696,0.07177,0.93938
CVE-2000-0697,0.11151,0.95691
CVE-2000-0698,0.04385,0.90744
CVE-2000-0699,0.14259,0.96386
CVE-2000-0700,0.0167,0.75484
CVE-2000-0701,0.00389,0.32404
CVE-2000-0702,0.01151,0.65105
CVE-2000-0703,0.0107,0.6297
CVE-2000-0704,0.13103,0.96133
CVE-2000-0705,0.07959,0.94413
CVE-2000-0706,0.05857,0.92769
CVE-2000-0707,0.01612,0.74601
CVE-2000-0708,0.03414,0.8821
CVE-2000-0709,0.2539,0.97821
CVE-2000-0710,0.26383,0.97887
CVE-2000-0711,0.33514,0.98283
CVE-2000-0712,0.00408,0.34337
CVE-2000-0713,0.04882,0.91565
CVE-2000-0714,0.0044,0.37211
CVE-2000-0715,0.00414,0.34935
CVE-2000-0716,0.011,0.63814
CVE-2000-0717,0.01657,0.75284
CVE-2000-0718,0.00263,0.18239
CVE-2000-0719,0.0028,0.20437
CVE-2000-0720,0.06155,0.93066
CVE-2000-0721,0.00748,0.5289
CVE-2000-0722,0.00311,0.23747
CVE-2000-0723,0.00301,0.22692
CVE-2000-0724,0.00307,0.23335
CVE-2000-0725,0.00471,0.39361
CVE-2000-0726,0.01314,0.69109
CVE-2000-0727,0.02556,0.84192
CVE-2000-0728,0.00412,0.34737
CVE-2000-0729,0.00332,0.26184
CVE-2000-0730,0.00483,0.40243
CVE-2000-0731,0.0204,0.80044
CVE-2000-0732,0.01614,0.74631
CVE-2000-0733,0.12405,0.95972
CVE-2000-0734,0.02539,0.84083
CVE-2000-0735,0.0186,0.78052
CVE-2000-0736,0.0186,0.78052
CVE-2000-0737,0.04411,0.90781
CVE-2000-0738,0.01741,0.76466
CVE-2000-0739,0.0287,0.86031
CVE-2000-0740,0.04691,0.91271
CVE-2000-0741,0.052,0.92009
CVE-2000-0742,0.18758,0.97111
CVE-2000-0743,0.1263,0.96017
CVE-2000-0745,0.1207,0.95906
CVE-2000-0746,0.10088,0.95364
CVE-2000-0747,0.01725,0.76251
CVE-2000-0748,0.00353,0.28593
CVE-2000-0749,0.00464,0.38925
CVE-2000-0750,0.02331,0.82593
CVE-2000-0751,0.03811,0.89443
CVE-2000-0752,0.00386,0.32137
CVE-2000-0753,0.05202,0.92011
CVE-2000-0754,0.00495,0.41019
CVE-2000-0755,0.00483,0.40243
CVE-2000-0756,0.05149,0.91945
CVE-2000-0757,0.04091,0.90153
CVE-2000-0758,0.00357,0.29049
CVE-2000-0759,0.2566,0.9784
CVE-2000-0760,0.62496,0.99141
CVE-2000-0761,0.01657,0.75283
CVE-2000-0762,0.06084,0.93002
CVE-2000-0763,0.0124,0.67464
CVE-2000-0764,0.01657,0.75282
CVE-2000-0765,0.03993,0.89935
CVE-2000-0766,0.07343,0.94042
CVE-2000-0767,0.04364,0.90703
CVE-2000-0768,0.09512,0.95159
CVE-2000-0769,0.01387,0.7071
CVE-2000-0770,0.1508,0.96531
CVE-2000-0771,0.01526,0.73254
CVE-2000-0772,0.01396,0.70884
CVE-2000-0773,0.01889,0.78375
CVE-2000-0774,0.01477,0.72418
CVE-2000-0775,0.09694,0.95228
CVE-2000-0776,0.03735,0.89212
CVE-2000-0777,0.01478,0.72434
CVE-2000-0778,0.87284,0.99743
CVE-2000-0779,0.01626,0.74809
CVE-2000-0780,0.06906,0.9371
CVE-2000-0781,0.00393,0.32836
CVE-2000-0782,0.07653,0.94236
CVE-2000-0783,0.01771,0.76889
CVE-2000-0784,0.03123,0.87118
CVE-2000-0785,0.01138,0.64778
CVE-2000-0786,0.00337,0.26839
CVE-2000-0787,0.09211,0.95044
CVE-2000-0788,0.08417,0.94668
CVE-2000-0789,0.00239,0.15075
CVE-2000-0790,0.01391,0.70796
CVE-2000-0791,0.00315,0.24215
CVE-2000-0792,0.01351,0.69938
CVE-2000-0793,0.01972,0.79302
CVE-2000-0794,0.00798,0.54481
CVE-2000-0795,0.01174,0.65778
CVE-2000-0796,0.01083,0.6331
CVE-2000-0797,0.01055,0.62513
CVE-2000-0798,0.03213,0.87485
CVE-2000-0799,0.0075,0.5296
CVE-2000-0800,0.03212,0.87473
CVE-2000-0801,0.00564,0.45138
CVE-2000-0802,0.00333,0.2629
CVE-2000-0803,0.02325,0.82539
CVE-2000-0804,0.01667,0.75436
CVE-2000-0805,0.01351,0.69938
CVE-2000-0806,0.02087,0.80538
CVE-2000-0807,0.01678,0.75593
CVE-2000-0808,0.01781,0.7701
CVE-2000-0809,0.0186,0.78052
CVE-2000-0810,0.01612,0.74601
CVE-2000-0811,0.01562,0.73864
CVE-2000-0812,0.0601,0.92919
CVE-2000-0813,0.01696,0.75854
CVE-2000-0816,0.00904,0.57807
CVE-2000-0817,0.15099,0.96533
CVE-2000-0818,0.04735,0.9134
CVE-2000-0824,0.01232,0.67284
CVE-2000-0825,0.06674,0.93511
CVE-2000-0826,0.05857,0.92769
CVE-2000-0827,0.04123,0.90225
CVE-2000-0828,0.06174,0.93084
CVE-2000-0829,0.00978,0.60235
CVE-2000-0830,0.25887,0.97858
CVE-2000-0831,0.01839,0.77767
CVE-2000-0832,0.02057,0.80225
CVE-2000-0833,0.10421,0.95467
CVE-2000-0834,0.3961,0.98531
CVE-2000-0835,0.0284,0.85885
CVE-2000-0836,0.03883,0.89636
CVE-2000-0837,0.02603,0.84497
CVE-2000-0838,0.01291,0.68623
CVE-2000-0839,0.04706,0.91298
CVE-2000-0840,0.05356,0.92179
CVE-2000-0841,0.03769,0.89312
CVE-2000-0842,0.01909,0.78626
CVE-2000-0843,0.06542,0.93414
CVE-2000-0844,0.15633,0.96643
CVE-2000-0845,0.01322,0.69299
CVE-2000-0846,0.03883,0.89636
CVE-2000-0847,0.02548,0.84131
CVE-2000-0848,0.06412,0.93296
CVE-2000-0849,0.14976,0.96515
CVE-2000-0850,0.01692,0.75806
CVE-2000-0851,0.07572,0.94178
CVE-2000-0852,0.00403,0.33861
CVE-2000-0853,0.07571,0.94178
CVE-2000-0854,0.37213,0.98435
CVE-2000-0855,0.0189,0.78395
CVE-2000-0856,0.02938,0.86348
CVE-2000-0857,0.02381,0.82952
CVE-2000-0858,0.18758,0.97111
CVE-2000-0859,0.02506,0.83848
CVE-2000-0860,0.02745,0.85358
CVE-2000-0861,0.00675,0.50251
CVE-2000-0862,0.01308,0.68982
CVE-2000-0863,0.00367,0.30133
CVE-2000-0864,0.00694,0.50987
CVE-2000-0865,0.01061,0.6269
CVE-2000-0866,0.00409,0.34403
CVE-2000-0867,0.00406,0.34199
CVE-2000-0868,0.44717,0.98699
CVE-2000-0869,0.5095,0.98862
CVE-2000-0870,0.01783,0.77034
CVE-2000-0871,0.01935,0.78913
CVE-2000-0872,0.07488,0.94128
CVE-2000-0873,0.00634,0.48459
CVE-2000-0874,0.00834,0.55665
CVE-2000-0875,0.01657,0.75283
CVE-2000-0876,0.01522,0.73183
CVE-2000-0877,0.01562,0.73864
CVE-2000-0878,0.02165,0.8123
CVE-2000-0879,0.00424,0.3582
CVE-2000-0880,0.00745,0.5278
CVE-2000-0881,0.00866,0.56687
CVE-2000-0882,0.01291,0.68621
CVE-2000-0883,0.09451,0.95137
CVE-2000-0884,0.72073,0.99396
CVE-2000-0885,0.12796,0.96057
CVE-2000-0886,0.68742,0.99302
CVE-2000-0887,0.22937,0.97617
CVE-2000-0888,0.07548,0.94164
CVE-2000-0889,0.00866,0.56691
CVE-2000-0890,0.00333,0.26389
CVE-2000-0891,0.02988,0.8656
CVE-2000-0892,0.01166,0.65541
CVE-2000-0893,0.01491,0.72674
CVE-2000-0894,0.01949,0.79084
CVE-2000-0895,0.06212,0.93118
CVE-2000-0896,0.0176,0.76732
CVE-2000-0897,0.03318,0.87888
CVE-2000-0898,0.01224,0.67109
CVE-2000-0899,0.01291,0.68624
CVE-2000-0900,0.02022,0.79869
CVE-2000-0901,0.0097,0.5998
CVE-2000-0902,0.01344,0.69803
CVE-2000-0903,0.02961,0.86445
CVE-2000-0904,0.02685,0.85013
CVE-2000-0905,0.02057,0.80225
CVE-2000-0906,0.08551,0.9475
CVE-2000-0907,0.0201,0.7976
CVE-2000-0908,0.09741,0.95245
CVE-2000-0909,0.11504,0.95776
CVE-2000-0910,0.00425,0.35882
CVE-2000-0911,0.01855,0.77979
CVE-2000-0912,0.0364,0.88914
CVE-2000-0913,0.35639,0.98366
CVE-2000-0914,0.02961,0.86448
CVE-2000-0915,0.02389,0.83021
CVE-2000-0916,0.05547,0.92392
CVE-2000-0917,0.78658,0.99563
CVE-2000-0918,0.0042,0.35448
CVE-2000-0919,0.08037,0.94455
CVE-2000-0920,0.08358,0.94635
CVE-2000-0921,0.08126,0.94511
CVE-2000-0922,0.03657,0.88984
CVE-2000-0923,0.03592,0.88777
CVE-2000-0924,0.07851,0.94348
CVE-2000-0925,0.07853,0.9435
CVE-2000-0926,0.07011,0.93798
CVE-2000-0927,0.00462,0.38772
CVE-2000-0928,0.00373,0.3077
CVE-2000-0929,0.14356,0.96408
CVE-2000-0930,0.07653,0.94236
CVE-2000-0931,0.0203,0.79947
CVE-2000-0932,0.01291,0.68623
CVE-2000-0933,0.02159,0.8118
CVE-2000-0934,0.00412,0.34737
CVE-2000-0935,0.01287,0.68526
CVE-2000-0936,0.01124,0.64443
CVE-2000-0937,0.07741,0.94286
CVE-2000-0938,0.02326,0.82548
CVE-2000-0939,0.01505,0.72914
CVE-2000-0940,0.04267,0.90524
CVE-2000-0941,0.13461,0.96215
CVE-2000-0942,0.22359,0.97552
CVE-2000-0943,0.03789,0.89368
CVE-2000-0944,0.11265,0.95721
CVE-2000-0945,0.72575,0.99409
CVE-2000-0946,0.00361,0.2946
CVE-2000-0947,0.02525,0.83982
CVE-2000-0948,0.00395,0.33037
CVE-2000-0949,0.01179,0.65912
CVE-2000-0950,0.00399,0.33485
CVE-2000-0951,0.44133,0.9868
CVE-2000-0952,0.05131,0.91918
CVE-2000-0953,0.03104,0.87031
CVE-2000-0954,0.01851,0.77925
CVE-2000-0955,0.01838,0.77753
CVE-2000-0956,0.00389,0.32403
CVE-2000-0957,0.01209,0.66692
CVE-2000-0958,0.0284,0.85885
CVE-2000-0959,0.00303,0.22863
CVE-2000-0960,0.01697,0.75875
CVE-2000-0961,0.02386,0.82993
CVE-2000-0962,0.01608,0.74541
CVE-2000-0963,0.00679,0.50429
CVE-2000-0964,0.03769,0.89312
CVE-2000-0965,0.02523,0.83971
CVE-2000-0966,0.00553,0.44534
CVE-2000-0967,0.20628,0.97378
CVE-2000-0968,0.0381,0.89435
CVE-2000-0969,0.0348,0.88443
CVE-2000-0970,0.45657,0.98725
CVE-2000-0971,0.05575,0.9243
CVE-2000-0972,0.01283,0.68458
CVE-2000-0973,0.18076,0.97026
CVE-2000-0974,0.03039,0.86773
CVE-2000-0975,0.03581,0.88743
CVE-2000-0976,0.00971,0.60002
CVE-2000-0977,0.08604,0.94777
CVE-2000-0978,0.03337,0.87954
CVE-2000-0979,0.44987,0.98707
CVE-2000-0980,0.13239,0.96157
CVE-2000-0981,0.01935,0.78912
CVE-2000-0982,0.12611,0.96014
CVE-2000-0983,0.20631,0.97379
CVE-2000-0984,0.04295,0.90573
CVE-2000-0985,0.05417,0.92244
CVE-2000-0986,0.02305,0.8238
CVE-2000-0987,0.01364,0.70242
CVE-2000-0988,0.01412,0.71188
CVE-2000-0989,0.04623,0.91172
CVE-2000-0990,0.01588,0.74237
CVE-2000-0991,0.09694,0.95228
CVE-2000-0992,0.0567,0.92548
CVE-2000-0993,0.01671,0.75495
CVE-2000-0994,0.01402,0.71016
CVE-2000-0995,0.00573,0.4556
CVE-2000-0996,0.00537,0.43653
CVE-2000-0997,0.00537,0.43653
CVE-2000-0998,0.0088,0.57105
CVE-2000-0999,0.11936,0.95877
CVE-2000-1000,0.02209,0.81608
CVE-2000-1001,0.01612,0.746
CVE-2000-1002,0.07488,0.94129
CVE-2000-1003,0.12513,0.95994
CVE-2000-1004,0.00356,0.29
CVE-2000-1005,0.03667,0.89014
CVE-2000-1006,0.14786,0.96484
CVE-2000-1007,0.01137,0.64739
CVE-2000-1008,0.00541,0.43864
CVE-2000-1009,0.01146,0.64965
CVE-2000-1010,0.04561,0.91068
CVE-2000-1011,0.00398,0.33403
CVE-2000-1012,0.00354,0.28743
CVE-2000-1013,0.00354,0.28742
CVE-2000-1014,0.11512,0.95777
CVE-2000-1015,0.02165,0.8123
CVE-2000-1016,0.07571,0.94178
CVE-2000-1017,0.01773,0.7692
CVE-2000-1018,0.00459,0.38591
CVE-2000-1019,0.01657,0.75283
CVE-2000-1020,0.02258,0.81995
CVE-2000-1021,0.03804,0.89418
CVE-2000-1022,0.07102,0.93871
CVE-2000-1023,0.08644,0.948
CVE-2000-1024,0.05125,0.91911
CVE-2000-1025,0.08487,0.94715
CVE-2000-1026,0.05979,0.92886
CVE-2000-1027,0.03535,0.88604
CVE-2000-1028,0.0148,0.72457
CVE-2000-1029,0.14293,0.96393
CVE-2000-1030,0.01562,0.73865
CVE-2000-1031,0.00663,0.49752
CVE-2000-1032,0.01812,0.77417
CVE-2000-1033,0.07558,0.94171
CVE-2000-1034,0.27173,0.97937
CVE-2000-1035,0.12966,0.96096
CVE-2000-1036,0.03854,0.89558
CVE-2000-1037,0.03348,0.87996
CVE-2000-1038,0.01657,0.75281
CVE-2000-1039,0.45833,0.98731
CVE-2000-1040,0.02516,0.83926
CVE-2000-1041,0.0276,0.85447
CVE-2000-1042,0.01974,0.79331
CVE-2000-1043,0.01826,0.77612
CVE-2000-1044,0.02449,0.83463
CVE-2000-1045,0.00604,0.47064
CVE-2000-1046,0.06103,0.93019
CVE-2000-1047,0.04381,0.90739
CVE-2000-1048,0.01649,0.75175
CVE-2000-1049,0.01712,0.76095
CVE-2000-1050,0.08179,0.94543
CVE-2000-1051,0.01917,0.7872
CVE-2000-1052,0.01359,0.70135
CVE-2000-1053,0.10583,0.95519
CVE-2000-1054,0.08386,0.94652
CVE-2000-1055,0.04005,0.89966
CVE-2000-1056,0.01692,0.75806
CVE-2000-1057,0.00492,0.40846
CVE-2000-1058,0.16199,0.9675
CVE-2000-1059,0.00407,0.34246
CVE-2000-1060,0.00337,0.26839
CVE-2000-1061,0.10458,0.9548
CVE-2000-1062,0.03147,0.87208
CVE-2000-1063,0.02891,0.86135
CVE-2000-1064,0.02891,0.86135
CVE-2000-1065,0.02805,0.85701
CVE-2000-1066,0.01657,0.75281
CVE-2000-1068,0.03443,0.88315
CVE-2000-1069,0.02268,0.82069
CVE-2000-1070,0.01344,0.69802
CVE-2000-1071,0.02996,0.86594
CVE-2000-1072,0.01082,0.63275
CVE-2000-1073,0.00489,0.40667
CVE-2000-1074,0.04107,0.90193
CVE-2000-1075,0.06023,0.9293
CVE-2000-1076,0.01584,0.7418
CVE-2000-1077,0.03133,0.87151
CVE-2000-1078,0.0521,0.92026
CVE-2000-1079,0.15872,0.96689
CVE-2000-1080,0.01675,0.75553
CVE-2000-1081,0.05246,0.92066
CVE-2000-1082,0.02835,0.8586
CVE-2000-1083,0.05492,0.92326
CVE-2000-1084,0.02835,0.85861
CVE-2000-1085,0.05289,0.92114
CVE-2000-1086,0.02835,0.85861
CVE-2000-1087,0.02835,0.85861
CVE-2000-1088,0.02845,0.85909
CVE-2000-1089,0.74639,0.99471
CVE-2000-1090,0.16659,0.96841
CVE-2000-1092,0.07488,0.94129
CVE-2000-1093,0.08057,0.94464
CVE-2000-1094,0.04683,0.91261
CVE-2000-1095,0.01107,0.63983
CVE-2000-1096,0.00786,0.54122
CVE-2000-1097,0.0179,0.77125
CVE-2000-1098,0.01291,0.68625
CVE-2000-1099,0.01965,0.79233
CVE-2000-1100,0.05707,0.92584
CVE-2000-1101,0.01863,0.78081
CVE-2000-1102,0.01345,0.69829
CVE-2000-1103,0.00941,0.59015
CVE-2000-1104,0.05618,0.92499
CVE-2000-1105,0.10849,0.95599
CVE-2000-1106,0.00468,0.39205
CVE-2000-1107,0.02655,0.84826
CVE-2000-1108,0.00439,0.37109
CVE-2000-1109,0.00338,0.26956
CVE-2000-1110,0.02685,0.85013
CVE-2000-1111,0.13097,0.96131
CVE-2000-1112,0.13971,0.96333
CVE-2000-1113,0.1942,0.97206
CVE-2000-1114,0.02915,0.8625
CVE-2000-1115,0.02398,0.83083
CVE-2000-1116,0.07909,0.94385
CVE-2000-1117,0.02886,0.861
CVE-2000-1118,0.0144,0.71713
CVE-2000-1119,0.00976,0.60167
CVE-2000-1120,0.00992,0.60619
CVE-2000-1121,0.00992,0.60619
CVE-2000-1122,0.00447,0.37745
CVE-2000-1123,0.00447,0.37745
CVE-2000-1124,0.00894,0.57525
CVE-2000-1125,0.01107,0.63992
CVE-2000-1126,0.05767,0.92656
CVE-2000-1127,0.00973,0.60109
CVE-2000-1128,0.00475,0.39689
CVE-2000-1129,0.0248,0.83667
CVE-2000-1130,0.01506,0.72935
CVE-2000-1131,0.03434,0.8828
CVE-2000-1132,0.09276,0.95073
CVE-2000-1133,0.01847,0.77877
CVE-2000-1134,0.01415,0.71257
CVE-2000-1135,0.00494,0.40927
CVE-2000-1136,0.0038,0.31481
CVE-2000-1137,0.00392,0.32745
CVE-2000-1138,0.01162,0.65417
CVE-2000-1139,0.05022,0.91772
CVE-2000-1140,0.01159,0.65326
CVE-2000-1141,0.00377,0.31172
CVE-2000-1142,0.00377,0.31172
CVE-2000-1143,0.00484,0.40291
CVE-2000-1144,0.01187,0.66123
CVE-2000-1145,0.00361,0.2946
CVE-2000-1146,0.00364,0.2976
CVE-2000-1147,0.07882,0.94375
CVE-2000-1148,0.00338,0.26957
CVE-2000-1149,0.16059,0.96726
CVE-2000-1150,0.01339,0.69694
CVE-2000-1151,0.01339,0.69694
CVE-2000-1152,0.01272,0.68224
CVE-2000-1153,0.01339,0.69694
CVE-2000-1154,0.02475,0.8364
CVE-2000-1155,0.01339,0.69694
CVE-2000-1156,0.00451,0.38029
CVE-2000-1157,0.03482,0.8845
CVE-2000-1158,0.01309,0.69031
CVE-2000-1159,0.01549,0.73659
CVE-2000-1160,0.0133,0.69471
CVE-2000-1161,0.01387,0.70711
CVE-2000-1162,0.00322,0.25096
CVE-2000-1163,0.00405,0.34101
CVE-2000-1164,0.01505,0.72909
CVE-2000-1165,0.0176,0.76731
CVE-2000-1166,0.0163,0.74878
CVE-2000-1167,0.0163,0.74878
CVE-2000-1168,0.01924,0.78795
CVE-2000-1169,0.01849,0.77897
CVE-2000-1170,0.02398,0.83084
CVE-2000-1171,0.08333,0.94625
CVE-2000-1172,0.03133,0.87151
CVE-2000-1173,0.01565,0.73905
CVE-2000-1174,0.05824,0.92726
CVE-2000-1175,0.01197,0.66346
CVE-2000-1176,0.05716,0.92592
CVE-2000-1177,0.07953,0.94411
CVE-2000-1178,0.0056,0.44918
CVE-2000-1179,0.02499,0.83794
CVE-2000-1180,0.02258,0.81999
CVE-2000-1181,0.07853,0.94349
CVE-2000-1182,0.0176,0.76731
CVE-2000-1183,0.00613,0.47453
CVE-2000-1184,0.01657,0.75281
CVE-2000-1185,0.0189,0.78395
CVE-2000-1186,0.03487,0.88466
CVE-2000-1187,0.02634,0.84696
CVE-2000-1188,0.02369,0.82871
CVE-2000-1189,0.00437,0.36955
CVE-2000-1190,0.00358,0.29197
CVE-2000-1191,0.03046,0.86797
CVE-2000-1192,0.02554,0.84175
CVE-2000-1193,0.03306,0.87849
CVE-2000-1194,0.02971,0.86487
CVE-2000-1195,0.02109,0.80742
CVE-2000-1196,0.0377,0.89319
CVE-2000-1197,0.00328,0.25778
CVE-2000-1198,0.00348,0.28025
CVE-2000-1199,0.00912,0.58056
CVE-2000-1200,0.481,0.98785
CVE-2000-1201,0.01306,0.68952
CVE-2000-1202,0.00576,0.45688
CVE-2000-1203,0.02471,0.83612
CVE-2000-1204,0.10431,0.9547
CVE-2000-1205,0.23642,0.97679
CVE-2000-1206,0.0531,0.92134
CVE-2000-1207,0.00441,0.37307
CVE-2000-1208,0.00368,0.30196
CVE-2000-1209,0.87307,0.99744
CVE-2000-1210,0.03453,0.88345
CVE-2000-1211,0.01439,0.71687
CVE-2000-1212,0.01542,0.73537
CVE-2000-1213,0.01972,0.79308
CVE-2000-1214,0.00412,0.34683
CVE-2000-1215,0.0176,0.76733
CVE-2000-1216,0.00474,0.39659
CVE-2000-1217,0.01749,0.7657
CVE-2000-1218,0.06088,0.93007
CVE-2000-1219,0.01363,0.70218
CVE-2000-1220,0.14217,0.96376
CVE-2000-1221,0.16727,0.9685
CVE-2000-1222,0.00341,0.27279
CVE-2000-1223,0.02211,0.81631
CVE-2000-1224,0.02865,0.86006
CVE-2000-1225,0.01299,0.68791
CVE-2000-1226,0.01259,0.67934
CVE-2000-1227,0.13017,0.96106
CVE-2000-1228,0.02462,0.83552
CVE-2000-1229,0.01561,0.73841
CVE-2000-1230,0.03252,0.87635
CVE-2000-1231,0.01548,0.73643
CVE-2000-1232,0.01441,0.71723
CVE-2000-1233,0.02054,0.80202
CVE-2000-1234,0.0327,0.87703
CVE-2000-1235,0.04827,0.91476
CVE-2000-1236,0.01933,0.78897
CVE-2000-1237,0.01212,0.66801
CVE-2000-1238,0.02725,0.85238
CVE-2000-1239,0.02128,0.80911
CVE-2000-1240,0.01212,0.668
CVE-2000-1241,0.01399,0.70959
CVE-2000-1242,0.01605,0.74492
CVE-2000-1243,0.01076,0.63104
CVE-2000-1244,0.02406,0.83142
CVE-2000-1245,0.01277,0.68333
CVE-2000-1246,0.00813,0.55001
CVE-2000-1247,0.00582,0.45992
CVE-2000-1254,0.03137,0.87169
