#model_version:v2026.06.15,score_date:2026-09-19T12:00:21Z
cve,epss,percentile
CVE-2010-20007,0.0051,0.42496
CVE-2010-20010,0.00342,0.27794
CVE-2010-20034,0.0051,0.42495
CVE-2010-20042,0.00345,0.2811
CVE-2010-20045,0.00343,0.27894
CVE-2010-20049,0.00797,0.54936
CVE-2010-20059,0.01022,0.6196
CVE-2010-20103,0.0509,0.91965
CVE-2010-20107,0.0051,0.42495
CVE-2010-20108,0.0051,0.42495
CVE-2010-20109,0.01166,0.65911
CVE-2010-20111,0.00416,0.356
CVE-2010-20112,0.01121,0.64744
CVE-2010-20113,0.01555,0.74047
CVE-2010-20114,0.00345,0.2811
CVE-2010-20115,0.00922,0.58816
CVE-2010-20119,0.0113,0.64964
CVE-2010-20120,0.00367,0.30509
CVE-2010-20121,0.03221,0.87662
CVE-2010-20122,0.01015,0.61752
CVE-2010-20123,0.00345,0.28109
CVE-2010-2000,0.00864,0.57047
CVE-2010-2001,0.01028,0.62127
CVE-2010-2002,0.00864,0.57047
CVE-2010-2003,0.02004,0.79893
CVE-2010-2004,0.09316,0.95142
CVE-2010-2005,0.02809,0.85882
CVE-2010-2006,0.06688,0.93595
CVE-2010-2007,0.00664,0.50273
CVE-2010-2008,0.09011,0.95032
CVE-2010-2009,0.0478,0.91508
CVE-2010-2010,0.01033,0.62301
CVE-2010-2011,0.10741,0.95617
CVE-2010-2012,0.0128,0.68717
CVE-2010-2013,0.01062,0.63112
CVE-2010-2014,0.00871,0.5727
CVE-2010-2015,0.00903,0.58222
CVE-2010-2016,0.01151,0.65502
CVE-2010-2017,0.01075,0.63476
CVE-2010-2018,0.03258,0.87802
CVE-2010-2019,0.00927,0.58979
CVE-2010-2020,0.00867,0.57146
CVE-2010-2021,0.02715,0.85346
CVE-2010-2022,0.00324,0.2572
CVE-2010-2023,0.0028,0.20726
CVE-2010-2024,0.0028,0.20727
CVE-2010-2025,0.02078,0.80643
CVE-2010-2026,0.02357,0.82986
CVE-2010-2027,0.00318,0.24973
CVE-2010-2028,0.13917,0.96365
CVE-2010-2029,0.01374,0.70781
CVE-2010-2030,0.01033,0.62283
CVE-2010-2031,0.00753,0.53529
CVE-2010-2032,0.03356,0.88161
CVE-2010-2033,0.15795,0.96717
CVE-2010-2034,0.11077,0.95718
CVE-2010-2035,0.15781,0.96714
CVE-2010-2036,0.1321,0.96194
CVE-2010-2037,0.11077,0.95717
CVE-2010-2038,0.01337,0.69969
CVE-2010-2039,0.01153,0.65565
CVE-2010-2040,0.01499,0.731
CVE-2010-2041,0.01263,0.68355
CVE-2010-2042,0.00973,0.60482
CVE-2010-2043,0.01272,0.68544
CVE-2010-2044,0.01151,0.65499
CVE-2010-2045,0.08931,0.94997
CVE-2010-2046,0.01108,0.64403
CVE-2010-2047,0.01003,0.61397
CVE-2010-2048,0.00868,0.5719
CVE-2010-2049,0.02723,0.85389
CVE-2010-2050,0.13074,0.9617
CVE-2010-2051,0.00973,0.60489
CVE-2010-2053,0.00347,0.28372
CVE-2010-2054,0.05172,0.92062
CVE-2010-2055,0.00505,0.42147
CVE-2010-2056,0.00332,0.26607
CVE-2010-2057,0.0304,0.86922
CVE-2010-2058,0.0034,0.2754
CVE-2010-2059,0.00399,0.33917
CVE-2010-2060,0.02523,0.84147
CVE-2010-2061,0.0042,0.35941
CVE-2010-2062,0.04482,0.9102
CVE-2010-2063,0.78558,0.99565
CVE-2010-2064,0.004,0.34037
CVE-2010-2065,0.05566,0.92501
CVE-2010-2066,0.00377,0.31621
CVE-2010-2067,0.04784,0.91516
CVE-2010-2068,0.16002,0.96753
CVE-2010-2070,0.00381,0.31986
CVE-2010-2071,0.00469,0.39768
CVE-2010-2072,0.00305,0.23419
CVE-2010-2073,0.01812,0.7767
CVE-2010-2074,0.01491,0.72964
CVE-2010-2075,0.83534,0.9967
CVE-2010-2076,0.09788,0.95318
CVE-2010-2078,0.01318,0.69533
CVE-2010-2079,0.01397,0.71214
CVE-2010-2080,0.01503,0.73167
CVE-2010-2082,0.0114,0.65196
CVE-2010-2083,0.08494,0.94779
CVE-2010-2084,0.12542,0.96044
CVE-2010-2085,0.08996,0.95026
CVE-2010-2086,0.02118,0.81034
CVE-2010-2087,0.01502,0.73162
CVE-2010-2088,0.08996,0.95026
CVE-2010-2089,0.14643,0.96498
CVE-2010-2090,0.01707,0.7628
CVE-2010-2091,0.17939,0.97044
CVE-2010-2092,0.0137,0.70672
CVE-2010-2093,0.01855,0.78233
CVE-2010-2094,0.12652,0.96066
CVE-2010-2095,0.01057,0.62963
CVE-2010-2096,0.01557,0.74077
CVE-2010-2097,0.01907,0.78842
CVE-2010-2098,0.01051,0.62817
CVE-2010-2099,0.04866,0.91634
CVE-2010-2100,0.02047,0.80335
CVE-2010-2101,0.02403,0.83303
CVE-2010-2102,0.06621,0.93549
CVE-2010-2103,0.34927,0.98361
CVE-2010-2104,0.02956,0.86573
CVE-2010-2105,0.00997,0.61189
CVE-2010-2106,0.00883,0.57629
CVE-2010-2107,0.00997,0.61188
CVE-2010-2108,0.01164,0.65842
CVE-2010-2109,0.01164,0.65842
CVE-2010-2110,0.00842,0.5637
CVE-2010-2111,0.00835,0.56161
CVE-2010-2112,0.03014,0.86818
CVE-2010-2113,0.00693,0.51441
CVE-2010-2114,0.00844,0.5641
CVE-2010-2115,0.55953,0.98999
CVE-2010-2116,0.02307,0.8259
CVE-2010-2117,0.0178,0.77262
CVE-2010-2118,0.10057,0.95406
CVE-2010-2119,0.09491,0.95207
CVE-2010-2120,0.01021,0.61897
CVE-2010-2121,0.0198,0.79626
CVE-2010-2122,0.11663,0.95858
CVE-2010-2123,0.01509,0.73286
CVE-2010-2124,0.0199,0.79733
CVE-2010-2125,0.01303,0.69213
CVE-2010-2126,0.08295,0.94665
CVE-2010-2127,0.05882,0.92876
CVE-2010-2128,0.15821,0.96721
CVE-2010-2129,0.04973,0.91802
CVE-2010-2130,0.03356,0.8816
CVE-2010-2131,0.0174,0.76704
CVE-2010-2132,0.02394,0.83234
CVE-2010-2133,0.02045,0.80321
CVE-2010-2134,0.01849,0.78142
CVE-2010-2135,0.0199,0.79731
CVE-2010-2136,0.02071,0.80577
CVE-2010-2137,0.05882,0.92876
CVE-2010-2138,0.0407,0.90218
CVE-2010-2139,0.01685,0.75975
CVE-2010-2140,0.01732,0.76599
CVE-2010-2141,0.02045,0.80321
CVE-2010-2142,0.02031,0.80181
CVE-2010-2143,0.07267,0.94062
CVE-2010-2144,0.03371,0.88208
CVE-2010-2145,0.01823,0.77818
CVE-2010-2146,0.05845,0.92835
CVE-2010-2147,0.03476,0.88561
CVE-2010-2148,0.02402,0.83287
CVE-2010-2149,0.0174,0.76711
CVE-2010-2150,0.01645,0.75386
CVE-2010-2151,0.00824,0.55817
CVE-2010-2152,0.05557,0.92489
CVE-2010-2153,0.07472,0.94186
CVE-2010-2154,0.02995,0.8674
CVE-2010-2155,0.02014,0.80013
CVE-2010-2156,0.76412,0.99516
CVE-2010-2157,0.00328,0.26194
CVE-2010-2158,0.00662,0.50205
CVE-2010-2159,0.03109,0.87193
CVE-2010-2160,0.06751,0.93662
CVE-2010-2161,0.07127,0.93964
CVE-2010-2162,0.06751,0.93662
CVE-2010-2163,0.07127,0.93964
CVE-2010-2164,0.0744,0.94169
CVE-2010-2165,0.06081,0.93075
CVE-2010-2166,0.06081,0.93077
CVE-2010-2167,0.08995,0.95025
CVE-2010-2168,0.14267,0.96431
CVE-2010-2169,0.06081,0.93077
CVE-2010-2170,0.0744,0.94169
CVE-2010-2171,0.06751,0.93662
CVE-2010-2172,0.04958,0.91783
CVE-2010-2173,0.0744,0.94168
CVE-2010-2174,0.0744,0.9417
CVE-2010-2175,0.06081,0.93076
CVE-2010-2176,0.06081,0.93076
CVE-2010-2177,0.06081,0.93076
CVE-2010-2178,0.06081,0.93075
CVE-2010-2179,0.05897,0.92886
CVE-2010-2180,0.06081,0.93076
CVE-2010-2181,0.0744,0.94169
CVE-2010-2182,0.06081,0.93077
CVE-2010-2183,0.0744,0.94169
CVE-2010-2184,0.06081,0.93075
CVE-2010-2185,0.08719,0.94895
CVE-2010-2186,0.06743,0.93651
CVE-2010-2187,0.06081,0.93075
CVE-2010-2188,0.06751,0.93661
CVE-2010-2189,0.05957,0.92948
CVE-2010-2190,0.01896,0.78713
CVE-2010-2191,0.02411,0.83356
CVE-2010-2192,0.0028,0.20786
CVE-2010-2193,0.0586,0.92857
CVE-2010-2195,0.01689,0.76038
CVE-2010-2197,0.00998,0.61241
CVE-2010-2198,0.00357,0.29539
CVE-2010-2199,0.00312,0.24249
CVE-2010-2201,0.14267,0.9643
CVE-2010-2202,0.03672,0.89152
CVE-2010-2203,0.03754,0.89389
CVE-2010-2204,0.13008,0.96149
CVE-2010-2205,0.04302,0.90694
CVE-2010-2206,0.06994,0.93858
CVE-2010-2207,0.03672,0.89152
CVE-2010-2208,0.04175,0.90449
CVE-2010-2209,0.03672,0.89153
CVE-2010-2210,0.0427,0.90637
CVE-2010-2211,0.03672,0.89152
CVE-2010-2212,0.04452,0.90973
CVE-2010-2213,0.0459,0.91219
CVE-2010-2214,0.0459,0.91219
CVE-2010-2215,0.03849,0.89664
CVE-2010-2216,0.0459,0.9122
CVE-2010-2217,0.04521,0.91089
CVE-2010-2218,0.02482,0.83859
CVE-2010-2219,0.02482,0.83858
CVE-2010-2220,0.02482,0.83859
CVE-2010-2221,0.05347,0.92259
CVE-2010-2222,0.01349,0.70228
CVE-2010-2223,0.00374,0.31319
CVE-2010-2224,0.00327,0.2603
CVE-2010-2225,0.05342,0.92252
CVE-2010-2226,0.00434,0.37209
CVE-2010-2227,0.54779,0.98974
CVE-2010-2228,0.02478,0.83836
CVE-2010-2229,0.02478,0.83836
CVE-2010-2230,0.02226,0.8195
CVE-2010-2231,0.00983,0.60775
CVE-2010-2232,0.03797,0.89515
CVE-2010-2233,0.04503,0.91061
CVE-2010-2234,0.01833,0.7794
CVE-2010-2235,0.03355,0.88157
CVE-2010-2236,0.0306,0.87011
CVE-2010-2237,0.00317,0.24806
CVE-2010-2238,0.00317,0.24806
CVE-2010-2239,0.00325,0.25867
CVE-2010-2240,0.00716,0.52289
CVE-2010-2241,0.00348,0.28507
CVE-2010-2242,0.00423,0.36262
CVE-2010-2243,0.02505,0.84013
CVE-2010-2244,0.02273,0.82307
CVE-2010-2245,0.1162,0.95847
CVE-2010-2246,0.06623,0.93551
CVE-2010-2247,0.01331,0.69832
CVE-2010-2248,0.04033,0.90141
CVE-2010-2249,0.02628,0.84823
CVE-2010-2250,0.01041,0.62525
CVE-2010-2251,0.03629,0.89006
CVE-2010-2252,0.04214,0.9053
CVE-2010-2253,0.03287,0.87917
CVE-2010-2254,0.00973,0.60489
CVE-2010-2255,0.01003,0.61419
CVE-2010-2256,0.01453,0.72264
CVE-2010-2257,0.00931,0.59105
CVE-2010-2258,0.01044,0.62599
CVE-2010-2259,0.18051,0.97058
CVE-2010-2260,0.01075,0.63478
CVE-2010-2261,0.02642,0.84905
CVE-2010-2262,0.02175,0.81521
CVE-2010-2263,0.71926,0.99399
CVE-2010-2264,0.02597,0.84637
CVE-2010-2265,0.2099,0.97456
CVE-2010-2266,0.2151,0.97505
CVE-2010-2267,0.00935,0.59257
CVE-2010-2268,0.00606,0.47633
CVE-2010-2269,0.0174,0.76713
CVE-2010-2270,0.0141,0.71467
CVE-2010-2271,0.0141,0.71466
CVE-2010-2272,0.01323,0.69632
CVE-2010-2273,0.04545,0.91142
CVE-2010-2274,0.01891,0.78653
CVE-2010-2275,0.02899,0.86326
CVE-2010-2276,0.03153,0.87374
CVE-2010-2277,0.01223,0.67403
CVE-2010-2278,0.01417,0.71594
CVE-2010-2279,0.01265,0.68422
CVE-2010-2280,0.01039,0.62456
CVE-2010-2281,0.00845,0.56455
CVE-2010-2282,0.00791,0.54755
CVE-2010-2283,0.01119,0.64683
CVE-2010-2284,0.00812,0.55441
CVE-2010-2285,0.01129,0.6492
CVE-2010-2286,0.01119,0.64683
CVE-2010-2287,0.00812,0.55441
CVE-2010-2288,0.01107,0.64366
CVE-2010-2289,0.01365,0.70576
CVE-2010-2290,0.01327,0.69725
CVE-2010-2291,0.00798,0.54973
CVE-2010-2292,0.00891,0.57845
CVE-2010-2293,0.01157,0.65644
CVE-2010-2294,0.00581,0.4642
CVE-2010-2295,0.01389,0.71075
CVE-2010-2296,0.01528,0.73576
CVE-2010-2297,0.02811,0.85893
CVE-2010-2298,0.01577,0.74374
CVE-2010-2299,0.02644,0.84913
CVE-2010-2300,0.08919,0.94993
CVE-2010-2301,0.01289,0.68896
CVE-2010-2302,0.02981,0.86678
CVE-2010-2305,0.19968,0.97314
CVE-2010-2306,0.0146,0.72407
CVE-2010-2307,0.08604,0.94837
CVE-2010-2308,0.01214,0.67188
CVE-2010-2309,0.50845,0.98872
CVE-2010-2310,0.11024,0.95703
CVE-2010-2311,0.05757,0.92726
CVE-2010-2312,0.00961,0.60046
CVE-2010-2313,0.05124,0.92001
CVE-2010-2314,0.04691,0.9137
CVE-2010-2315,0.05824,0.92809
CVE-2010-2316,0.02962,0.86602
CVE-2010-2317,0.01999,0.79827
CVE-2010-2318,0.00893,0.57925
CVE-2010-2319,0.02032,0.80192
CVE-2010-2320,0.02385,0.83168
CVE-2010-2321,0.20681,0.97414
CVE-2010-2322,0.03234,0.87702
CVE-2010-2323,0.01043,0.6259
CVE-2010-2324,0.01164,0.65851
CVE-2010-2325,0.01642,0.75348
CVE-2010-2326,0.01086,0.63795
CVE-2010-2327,0.01226,0.67487
CVE-2010-2328,0.01105,0.64333
CVE-2010-2329,0.06768,0.93676
CVE-2010-2330,0.27822,0.98005
CVE-2010-2331,0.05586,0.9253
CVE-2010-2332,0.06005,0.92994
CVE-2010-2333,0.60196,0.99095
CVE-2010-2334,0.03177,0.87468
CVE-2010-2335,0.01012,0.6167
CVE-2010-2336,0.02353,0.82948
CVE-2010-2337,0.01177,0.66199
CVE-2010-2338,0.01151,0.65501
CVE-2010-2339,0.01258,0.68254
CVE-2010-2340,0.00914,0.58563
CVE-2010-2341,0.02488,0.83905
CVE-2010-2342,0.00907,0.58368
CVE-2010-2343,0.36733,0.98431
CVE-2010-2344,0.01528,0.73574
CVE-2010-2345,0.00581,0.46419
CVE-2010-2347,0.01094,0.64042
CVE-2010-2348,0.05579,0.92519
CVE-2010-2349,0.04804,0.91542
CVE-2010-2350,0.03297,0.87953
CVE-2010-2351,0.15715,0.96701
CVE-2010-2352,0.0256,0.84387
CVE-2010-2353,0.01766,0.77079
CVE-2010-2354,0.01151,0.65501
CVE-2010-2355,0.01462,0.72432
CVE-2010-2356,0.01445,0.72105
CVE-2010-2357,0.01002,0.61368
CVE-2010-2358,0.0252,0.84131
CVE-2010-2359,0.00973,0.60476
CVE-2010-2360,0.03372,0.8821
CVE-2010-2361,0.01446,0.72125
CVE-2010-2362,0.01446,0.72125
CVE-2010-2363,0.01864,0.78329
CVE-2010-2364,0.01033,0.62294
CVE-2010-2365,0.01033,0.62294
CVE-2010-2366,0.01033,0.62276
CVE-2010-2367,0.01022,0.61954
CVE-2010-2368,0.0029,0.21795
CVE-2010-2369,0.00278,0.20502
CVE-2010-2370,0.03929,0.89891
CVE-2010-2371,0.00308,0.23787
CVE-2010-2372,0.00904,0.58249
CVE-2010-2373,0.00904,0.58249
CVE-2010-2374,0.00312,0.24351
CVE-2010-2375,0.06509,0.93456
CVE-2010-2376,0.00319,0.25064
CVE-2010-2377,0.00806,0.5524
CVE-2010-2378,0.0027,0.19477
CVE-2010-2379,0.00878,0.57507
CVE-2010-2380,0.00327,0.26089
CVE-2010-2381,0.01089,0.63865
CVE-2010-2382,0.00683,0.51085
CVE-2010-2383,0.00683,0.51084
CVE-2010-2384,0.0064,0.49212
CVE-2010-2385,0.01502,0.73155
CVE-2010-2386,0.00348,0.28441
CVE-2010-2387,0.00524,0.43428
CVE-2010-2388,0.01102,0.64235
CVE-2010-2389,0.00287,0.21528
CVE-2010-2390,0.02622,0.8478
CVE-2010-2391,0.01226,0.67504
CVE-2010-2392,0.00345,0.28156
CVE-2010-2393,0.00248,0.16395
CVE-2010-2394,0.00317,0.24878
CVE-2010-2395,0.01525,0.73525
CVE-2010-2396,0.01495,0.73015
CVE-2010-2397,0.00269,0.19318
CVE-2010-2398,0.00878,0.57507
CVE-2010-2399,0.00305,0.23475
CVE-2010-2400,0.00305,0.23475
CVE-2010-2401,0.00872,0.57313
CVE-2010-2402,0.00872,0.57314
CVE-2010-2403,0.00702,0.51805
CVE-2010-2404,0.00769,0.54056
CVE-2010-2405,0.01506,0.73219
CVE-2010-2406,0.01446,0.7213
CVE-2010-2407,0.01538,0.73746
CVE-2010-2408,0.00979,0.6069
CVE-2010-2409,0.01525,0.73525
CVE-2010-2410,0.01525,0.73525
CVE-2010-2411,0.01372,0.70722
CVE-2010-2412,0.01436,0.71934
CVE-2010-2413,0.01495,0.73015
CVE-2010-2414,0.0164,0.75305
CVE-2010-2415,0.09736,0.95298
CVE-2010-2416,0.01495,0.73016
CVE-2010-2417,0.01301,0.69174
CVE-2010-2418,0.01525,0.73526
CVE-2010-2419,0.01732,0.766
CVE-2010-2420,0.02129,0.81132
CVE-2010-2421,0.02286,0.82408
CVE-2010-2422,0.01965,0.79469
CVE-2010-2425,0.01216,0.67242
CVE-2010-2426,0.1226,0.9599
CVE-2010-2427,0.0032,0.25174
CVE-2010-2428,0.01994,0.79782
CVE-2010-2429,0.01642,0.75347
CVE-2010-2431,0.00356,0.29408
CVE-2010-2432,0.02098,0.80847
CVE-2010-2433,0.01465,0.72503
CVE-2010-2434,0.05359,0.92269
CVE-2010-2435,0.06469,0.93427
CVE-2010-2436,0.00971,0.60437
CVE-2010-2437,0.01452,0.72227
CVE-2010-2438,0.00907,0.58372
CVE-2010-2439,0.05815,0.92802
CVE-2010-2440,0.05586,0.92531
CVE-2010-2441,0.01898,0.78728
CVE-2010-2442,0.11605,0.95842
CVE-2010-2443,0.03186,0.87504
CVE-2010-2444,0.01859,0.78281
CVE-2010-2445,0.03342,0.88113
CVE-2010-2446,0.03438,0.88429
CVE-2010-2447,0.01764,0.77044
CVE-2010-2448,0.02063,0.80495
CVE-2010-2449,0.01702,0.76198
CVE-2010-2450,0.012,0.66794
CVE-2010-2451,0.02662,0.8503
CVE-2010-2452,0.0408,0.90247
CVE-2010-2453,0.00856,0.5681
CVE-2010-2454,0.01763,0.7703
CVE-2010-2455,0.01321,0.69609
CVE-2010-2456,0.02029,0.8016
CVE-2010-2457,0.01452,0.7223
CVE-2010-2458,0.0172,0.76447
CVE-2010-2459,0.00997,0.61206
CVE-2010-2460,0.00961,0.60043
CVE-2010-2461,0.00967,0.60263
CVE-2010-2462,0.00967,0.60263
CVE-2010-2463,0.01452,0.7223
CVE-2010-2464,0.0172,0.76446
CVE-2010-2465,0.02456,0.83687
CVE-2010-2466,0.01918,0.78969
CVE-2010-2467,0.01365,0.70574
CVE-2010-2468,0.01691,0.76064
CVE-2010-2469,0.01324,0.69654
CVE-2010-2470,0.00311,0.24154
CVE-2010-2471,0.011,0.64182
CVE-2010-2472,0.00759,0.53752
CVE-2010-2473,0.01008,0.61555
CVE-2010-2474,0.00902,0.58206
CVE-2010-2476,0.01725,0.76513
CVE-2010-2477,0.02288,0.82433
CVE-2010-2478,0.00419,0.35873
CVE-2010-2479,0.02008,0.79964
CVE-2010-2480,0.01824,0.77836
CVE-2010-2481,0.02954,0.86564
CVE-2010-2482,0.08768,0.94923
CVE-2010-2483,0.0197,0.79514
CVE-2010-2484,0.01827,0.77868
CVE-2010-2487,0.02679,0.85145
CVE-2010-2488,0.02395,0.83239
CVE-2010-2489,0.00406,0.34603
CVE-2010-2490,0.01604,0.74754
CVE-2010-2491,0.02551,0.84329
CVE-2010-2492,0.00434,0.37186
CVE-2010-2493,0.01688,0.76022
CVE-2010-2494,0.03441,0.8844
CVE-2010-2495,0.02931,0.8647
CVE-2010-2496,0.00233,0.14473
CVE-2010-2497,0.05556,0.92487
CVE-2010-2498,0.05638,0.926
CVE-2010-2499,0.06194,0.93178
CVE-2010-2500,0.04991,0.9183
CVE-2010-2502,0.02642,0.84906
CVE-2010-2503,0.00855,0.56769
CVE-2010-2504,0.00867,0.57158
CVE-2010-2505,0.02685,0.85175
CVE-2010-2506,0.00661,0.50196
CVE-2010-2507,0.09432,0.95184
CVE-2010-2508,0.00961,0.60045
CVE-2010-2509,0.01314,0.69463
CVE-2010-2510,0.00907,0.58377
CVE-2010-2511,0.00961,0.60045
CVE-2010-2512,0.00971,0.6044
CVE-2010-2513,0.01112,0.64504
CVE-2010-2514,0.01075,0.63477
CVE-2010-2515,0.0169,0.7604
CVE-2010-2516,0.01013,0.61691
CVE-2010-2517,0.01661,0.7563
CVE-2010-2518,0.01609,0.74825
CVE-2010-2519,0.06287,0.9327
CVE-2010-2520,0.05709,0.92671
CVE-2010-2521,0.08984,0.95023
CVE-2010-2522,0.00337,0.27224
CVE-2010-2523,0.0296,0.86589
CVE-2010-2524,0.00423,0.36253
CVE-2010-2525,0.00285,0.21291
CVE-2010-2526,0.00491,0.41289
CVE-2010-2527,0.05644,0.92607
CVE-2010-2528,0.02423,0.8345
CVE-2010-2529,0.03038,0.86917
CVE-2010-2530,0.003,0.22908
CVE-2010-2531,0.04996,0.91833
CVE-2010-2532,0.00401,0.34152
CVE-2010-2534,0.03348,0.88131
CVE-2010-2535,0.00842,0.56347
CVE-2010-2536,0.02039,0.80247
CVE-2010-2537,0.0039,0.32973
CVE-2010-2538,0.0038,0.31903
CVE-2010-2539,0.00323,0.25521
CVE-2010-2540,0.03833,0.89622
CVE-2010-2541,0.04782,0.91511
CVE-2010-2542,0.02507,0.8403
CVE-2010-2543,0.03874,0.89735
CVE-2010-2544,0.04309,0.90706
CVE-2010-2545,0.01801,0.77522
CVE-2010-2546,0.06716,0.93619
CVE-2010-2547,0.05342,0.92252
CVE-2010-2548,0.01995,0.79794
CVE-2010-2549,0.05145,0.92032
CVE-2010-2550,0.7572,0.99498
CVE-2010-2551,0.66621,0.99253
CVE-2010-2552,0.3262,0.98263
CVE-2010-2553,0.30895,0.98173
CVE-2010-2554,0.0192,0.78994
CVE-2010-2555,0.0164,0.75319
CVE-2010-2556,0.2752,0.97983
CVE-2010-2557,0.2752,0.97983
CVE-2010-2558,0.21043,0.97464
CVE-2010-2559,0.2752,0.97982
CVE-2010-2560,0.24229,0.9775
CVE-2010-2561,0.24865,0.97806
CVE-2010-2562,0.17612,0.97006
CVE-2010-2563,0.1824,0.97081
CVE-2010-2564,0.22588,0.97609
CVE-2010-2566,0.15288,0.96609
CVE-2010-2567,0.07214,0.94028
CVE-2010-2568,0.91324,0.99806
CVE-2010-2569,0.21001,0.97457
CVE-2010-2570,0.25106,0.97828
CVE-2010-2571,0.21773,0.97527
CVE-2010-2572,0.62484,0.9915
CVE-2010-2573,0.20305,0.97359
CVE-2010-2574,0.01804,0.77566
CVE-2010-2575,0.04652,0.91318
CVE-2010-2576,0.03356,0.88162
CVE-2010-2577,0.01258,0.68253
CVE-2010-2578,0.02503,0.83998
CVE-2010-2579,0.01171,0.66039
CVE-2010-2580,0.03839,0.8964
CVE-2010-2581,0.04374,0.90834
CVE-2010-2582,0.07804,0.94387
CVE-2010-2583,0.04756,0.91471
CVE-2010-2584,0.01403,0.71354
CVE-2010-2585,0.04878,0.91655
CVE-2010-2586,0.05539,0.92469
CVE-2010-2587,0.04427,0.90921
CVE-2010-2588,0.03789,0.89488
CVE-2010-2589,0.04821,0.91564
CVE-2010-2590,0.46776,0.98771
CVE-2010-2594,0.01466,0.72527
CVE-2010-2595,0.02754,0.85573
CVE-2010-2596,0.02239,0.82061
CVE-2010-2597,0.02785,0.85765
CVE-2010-2598,0.01986,0.79693
CVE-2010-2599,0.01681,0.75904
CVE-2010-2600,0.04708,0.91398
CVE-2010-2601,0.0329,0.87924
CVE-2010-2602,0.02917,0.86411
CVE-2010-2603,0.00359,0.29677
CVE-2010-2604,0.05718,0.92678
CVE-2010-2609,0.01356,0.70392
CVE-2010-2610,0.01187,0.66494
CVE-2010-2611,0.01109,0.64429
CVE-2010-2612,0.00469,0.39743
CVE-2010-2613,0.01598,0.74659
CVE-2010-2614,0.01125,0.64833
CVE-2010-2615,0.01452,0.7223
CVE-2010-2616,0.00967,0.60276
CVE-2010-2617,0.01445,0.72104
CVE-2010-2618,0.02089,0.80764
CVE-2010-2619,0.00303,0.23241
CVE-2010-2620,0.29555,0.98103
CVE-2010-2621,0.1054,0.95558
CVE-2010-2622,0.00961,0.60045
CVE-2010-2623,0.00971,0.60441
CVE-2010-2624,0.0115,0.65458
CVE-2010-2625,0.01396,0.71191
CVE-2010-2626,0.12949,0.96135
CVE-2010-2627,0.0366,0.89121
CVE-2010-2628,0.0405,0.9018
CVE-2010-2629,0.01471,0.7262
CVE-2010-2630,0.04953,0.91773
CVE-2010-2631,0.02884,0.86247
CVE-2010-2632,0.35013,0.98363
CVE-2010-2633,0.01978,0.79607
CVE-2010-2634,0.00893,0.57915
CVE-2010-2635,0.00851,0.56653
CVE-2010-2636,0.00845,0.56456
CVE-2010-2637,0.0167,0.75741
CVE-2010-2638,0.00883,0.57628
CVE-2010-2639,0.01242,0.67877
CVE-2010-2640,0.04935,0.91739
CVE-2010-2641,0.04935,0.91739
CVE-2010-2642,0.1427,0.96431
CVE-2010-2643,0.05994,0.92983
CVE-2010-2644,0.01209,0.67043
CVE-2010-2645,0.00857,0.56865
CVE-2010-2646,0.00851,0.56643
CVE-2010-2647,0.0211,0.80966
CVE-2010-2648,0.02046,0.80324
CVE-2010-2649,0.00872,0.57309
CVE-2010-2650,0.00749,0.53413
CVE-2010-2651,0.01304,0.69235
CVE-2010-2652,0.00722,0.52505
CVE-2010-2653,0.00381,0.31988
CVE-2010-2654,0.02283,0.82385
CVE-2010-2655,0.02291,0.82461
CVE-2010-2656,0.02456,0.83689
CVE-2010-2657,0.03902,0.89801
CVE-2010-2658,0.01633,0.75198
CVE-2010-2659,0.01545,0.73861
CVE-2010-2660,0.02272,0.82297
CVE-2010-2661,0.02272,0.82298
CVE-2010-2662,0.02014,0.80012
CVE-2010-2663,0.01852,0.78177
CVE-2010-2664,0.01868,0.78376
CVE-2010-2665,0.02291,0.82462
CVE-2010-2666,0.05039,0.91895
CVE-2010-2667,0.02089,0.80765
CVE-2010-2668,0.01334,0.69888
CVE-2010-2669,0.01499,0.73097
CVE-2010-2670,0.00971,0.60432
CVE-2010-2671,0.01263,0.6836
CVE-2010-2672,0.0133,0.69788
CVE-2010-2673,0.00973,0.60474
CVE-2010-2674,0.01003,0.61416
CVE-2010-2675,0.01208,0.67019
CVE-2010-2676,0.02862,0.86144
CVE-2010-2677,0.02687,0.8519
CVE-2010-2678,0.01063,0.63128
CVE-2010-2679,0.00967,0.60262
CVE-2010-2680,0.04848,0.91611
CVE-2010-2681,0.02279,0.82356
CVE-2010-2682,0.14311,0.96438
CVE-2010-2683,0.01003,0.61414
CVE-2010-2684,0.01189,0.66527
CVE-2010-2685,0.02396,0.83255
CVE-2010-2686,0.01063,0.63152
CVE-2010-2687,0.01161,0.6577
CVE-2010-2688,0.01189,0.66531
CVE-2010-2689,0.00967,0.60288
CVE-2010-2690,0.00931,0.59104
CVE-2010-2691,0.01791,0.77381
CVE-2010-2692,0.01708,0.76295
CVE-2010-2693,0.00698,0.51652
CVE-2010-2694,0.00981,0.60734
CVE-2010-2695,0.01878,0.78487
CVE-2010-2696,0.00971,0.60436
CVE-2010-2697,0.01335,0.69907
CVE-2010-2698,0.01237,0.67731
CVE-2010-2699,0.00961,0.60036
CVE-2010-2700,0.01178,0.66255
CVE-2010-2701,0.05058,0.91918
CVE-2010-2702,0.04927,0.91727
CVE-2010-2703,0.71381,0.99384
CVE-2010-2704,0.14926,0.96546
CVE-2010-2705,0.00981,0.6072
CVE-2010-2706,0.00886,0.57704
CVE-2010-2707,0.01238,0.67749
CVE-2010-2708,0.00886,0.57704
CVE-2010-2709,0.42261,0.98633
CVE-2010-2710,0.10176,0.95445
CVE-2010-2711,0.02088,0.80754
CVE-2010-2712,0.00331,0.26501
CVE-2010-2713,0.03343,0.88116
CVE-2010-2714,0.00971,0.60434
CVE-2010-2715,0.01465,0.72501
CVE-2010-2716,0.00967,0.60256
CVE-2010-2717,0.01062,0.63111
CVE-2010-2718,0.01344,0.70133
CVE-2010-2719,0.0115,0.65458
CVE-2010-2720,0.0115,0.65458
CVE-2010-2721,0.01189,0.66531
CVE-2010-2722,0.00855,0.56768
CVE-2010-2723,0.00845,0.56452
CVE-2010-2724,0.00864,0.57048
CVE-2010-2725,0.02935,0.86486
CVE-2010-2728,0.17253,0.96958
CVE-2010-2729,0.75636,0.99496
CVE-2010-2730,0.32826,0.98276
CVE-2010-2731,0.31118,0.98186
CVE-2010-2732,0.13417,0.96244
CVE-2010-2733,0.14233,0.96422
CVE-2010-2734,0.14233,0.96422
CVE-2010-2738,0.18537,0.97119
CVE-2010-2739,0.03745,0.89363
CVE-2010-2740,0.01773,0.77164
CVE-2010-2741,0.01758,0.76959
CVE-2010-2742,0.29634,0.98107
CVE-2010-2743,0.14564,0.96485
CVE-2010-2744,0.04194,0.90485
CVE-2010-2745,0.23826,0.97718
CVE-2010-2746,0.35663,0.98387
CVE-2010-2747,0.20628,0.97408
CVE-2010-2748,0.19399,0.97234
CVE-2010-2750,0.20463,0.97387
CVE-2010-2751,0.01873,0.78432
CVE-2010-2752,0.09782,0.95316
CVE-2010-2753,0.06672,0.93583
CVE-2010-2754,0.01069,0.63345
CVE-2010-2755,0.0413,0.90362
CVE-2010-2756,0.02046,0.80324
CVE-2010-2757,0.01251,0.68091
CVE-2010-2758,0.01411,0.71468
CVE-2010-2759,0.01828,0.77884
CVE-2010-2760,0.03952,0.89953
CVE-2010-2761,0.02713,0.85335
CVE-2010-2762,0.02024,0.80118
CVE-2010-2763,0.0159,0.7455
CVE-2010-2764,0.02001,0.79851
CVE-2010-2765,0.05719,0.92683
CVE-2010-2766,0.05366,0.92281
CVE-2010-2767,0.04684,0.91362
CVE-2010-2768,0.02107,0.8093
CVE-2010-2769,0.0207,0.80569
CVE-2010-2770,0.03749,0.89374
CVE-2010-2771,0.05435,0.92349
CVE-2010-2772,0.0055,0.4489
CVE-2010-2777,0.10388,0.95511
CVE-2010-2778,0.01864,0.78335
CVE-2010-2779,0.01864,0.78335
CVE-2010-2783,0.01938,0.79202
CVE-2010-2784,0.00278,0.20486
CVE-2010-2785,0.07574,0.94248
CVE-2010-2786,0.02729,0.85423
CVE-2010-2787,0.01645,0.75383
CVE-2010-2788,0.01556,0.74059
CVE-2010-2789,0.01092,0.63947
CVE-2010-2790,0.019,0.78758
CVE-2010-2791,0.08284,0.94662
CVE-2010-2792,0.00246,0.16231
CVE-2010-2793,0.01038,0.62444
CVE-2010-2794,0.00314,0.24558
CVE-2010-2795,0.02263,0.82232
CVE-2010-2796,0.02517,0.84107
CVE-2010-2797,0.07687,0.94319
CVE-2010-2798,0.00414,0.35342
CVE-2010-2799,0.02752,0.85552
CVE-2010-2800,0.02286,0.82418
CVE-2010-2801,0.04027,0.90128
CVE-2010-2802,0.00887,0.57741
CVE-2010-2803,0.00467,0.3964
CVE-2010-2805,0.05111,0.9199
CVE-2010-2806,0.05839,0.92829
CVE-2010-2807,0.04203,0.90506
CVE-2010-2808,0.04498,0.9105
CVE-2010-2809,0.07345,0.94111
CVE-2010-2810,0.03663,0.89132
CVE-2010-2811,0.00995,0.61132
CVE-2010-2812,0.03164,0.87422
CVE-2010-2813,0.04048,0.90174
CVE-2010-2814,0.02518,0.84115
CVE-2010-2815,0.02518,0.84115
CVE-2010-2816,0.02518,0.84116
CVE-2010-2817,0.02518,0.84116
CVE-2010-2818,0.0121,0.67078
CVE-2010-2819,0.0121,0.67078
CVE-2010-2820,0.0121,0.67077
CVE-2010-2821,0.01064,0.63193
CVE-2010-2822,0.01763,0.77032
CVE-2010-2823,0.01758,0.76958
CVE-2010-2824,0.01763,0.7703
CVE-2010-2825,0.01205,0.66927
CVE-2010-2826,0.01338,0.69991
CVE-2010-2827,0.0177,0.77133
CVE-2010-2828,0.01763,0.77031
CVE-2010-2829,0.01763,0.77032
CVE-2010-2830,0.01551,0.73982
CVE-2010-2831,0.01763,0.77031
CVE-2010-2832,0.01763,0.77031
CVE-2010-2833,0.01763,0.77033
CVE-2010-2834,0.0177,0.7713
CVE-2010-2835,0.01785,0.77313
CVE-2010-2836,0.01763,0.77032
CVE-2010-2837,0.0121,0.67079
CVE-2010-2838,0.0121,0.67078
CVE-2010-2839,0.0121,0.67081
CVE-2010-2840,0.0121,0.67078
CVE-2010-2841,0.00859,0.56902
CVE-2010-2842,0.01482,0.72802
CVE-2010-2843,0.01482,0.72802
CVE-2010-2844,0.01499,0.73097
CVE-2010-2845,0.00967,0.60279
CVE-2010-2846,0.0149,0.72945
CVE-2010-2847,0.01993,0.79774
CVE-2010-2848,0.02755,0.85579
CVE-2010-2849,0.02067,0.80538
CVE-2010-2850,0.02715,0.85351
CVE-2010-2851,0.01299,0.6914
CVE-2010-2852,0.01102,0.64245
CVE-2010-2853,0.01189,0.66532
CVE-2010-2854,0.00812,0.55447
CVE-2010-2855,0.00917,0.58674
CVE-2010-2856,0.03352,0.88143
CVE-2010-2857,0.04848,0.91611
CVE-2010-2858,0.0172,0.76446
CVE-2010-2859,0.01176,0.66187
CVE-2010-2860,0.04266,0.90626
CVE-2010-2861,0.99721,0.99952
CVE-2010-2862,0.16305,0.96804
CVE-2010-2863,0.04405,0.90879
CVE-2010-2864,0.04674,0.91349
CVE-2010-2865,0.03334,0.88081
CVE-2010-2866,0.13014,0.96149
CVE-2010-2867,0.05279,0.92193
CVE-2010-2868,0.04674,0.91348
CVE-2010-2869,0.04674,0.91349
CVE-2010-2870,0.04809,0.91549
CVE-2010-2871,0.06051,0.93043
CVE-2010-2872,0.06051,0.93043
CVE-2010-2873,0.06246,0.93229
CVE-2010-2874,0.04435,0.90939
CVE-2010-2875,0.04337,0.90754
CVE-2010-2876,0.06051,0.93043
CVE-2010-2877,0.05618,0.92583
CVE-2010-2878,0.05618,0.92582
CVE-2010-2879,0.04809,0.91549
CVE-2010-2880,0.04321,0.90726
CVE-2010-2881,0.04321,0.90726
CVE-2010-2882,0.04321,0.90726
CVE-2010-2883,0.8236,0.99645
CVE-2010-2884,0.15621,0.96676
CVE-2010-2885,0.01702,0.76198
CVE-2010-2886,0.01757,0.76948
CVE-2010-2887,0.04818,0.9156
CVE-2010-2888,0.05998,0.92989
CVE-2010-2889,0.27243,0.97965
CVE-2010-2890,0.06467,0.93426
CVE-2010-2891,0.14035,0.96385
CVE-2010-2892,0.03508,0.88663
CVE-2010-2896,0.00907,0.58366
CVE-2010-2897,0.01385,0.70979
CVE-2010-2898,0.01031,0.62227
CVE-2010-2899,0.00927,0.58965
CVE-2010-2900,0.0103,0.62195
CVE-2010-2901,0.02397,0.8326
CVE-2010-2902,0.01529,0.73586
CVE-2010-2903,0.00847,0.56509
CVE-2010-2904,0.01292,0.68977
CVE-2010-2905,0.00971,0.6043
CVE-2010-2906,0.00961,0.60046
CVE-2010-2907,0.0199,0.79731
CVE-2010-2908,0.00973,0.60492
CVE-2010-2909,0.01586,0.74495
CVE-2010-2910,0.00967,0.60269
CVE-2010-2911,0.01012,0.61664
CVE-2010-2912,0.00975,0.60582
CVE-2010-2913,0.00351,0.28831
CVE-2010-2914,0.01642,0.75348
CVE-2010-2915,0.00967,0.60243
CVE-2010-2916,0.00967,0.60267
CVE-2010-2917,0.0172,0.76447
CVE-2010-2918,0.13704,0.96317
CVE-2010-2919,0.00967,0.60267
CVE-2010-2920,0.05688,0.92647
CVE-2010-2921,0.00967,0.60268
CVE-2010-2922,0.00993,0.61078
CVE-2010-2923,0.00967,0.60271
CVE-2010-2924,0.02813,0.85905
CVE-2010-2925,0.00967,0.60242
CVE-2010-2926,0.00907,0.58368
CVE-2010-2927,0.0159,0.74544
CVE-2010-2928,0.00363,0.30158
CVE-2010-2929,0.0038,0.31915
CVE-2010-2930,0.00365,0.30338
CVE-2010-2931,0.09371,0.95163
CVE-2010-2932,0.06896,0.93771
CVE-2010-2933,0.00961,0.60043
CVE-2010-2934,0.03078,0.87076
CVE-2010-2935,0.07089,0.93932
CVE-2010-2936,0.07089,0.93932
CVE-2010-2937,0.02638,0.84883
CVE-2010-2938,0.00346,0.28194
CVE-2010-2939,0.09977,0.95381
CVE-2010-2940,0.02023,0.80098
CVE-2010-2941,0.06418,0.93378
CVE-2010-2942,0.00421,0.36056
CVE-2010-2943,0.17009,0.96927
CVE-2010-2944,0.01336,0.69957
CVE-2010-2945,0.00297,0.22589
CVE-2010-2946,0.00426,0.36525
CVE-2010-2947,0.05506,0.92428
CVE-2010-2948,0.04041,0.90159
CVE-2010-2949,0.03377,0.88227
CVE-2010-2950,0.05693,0.92655
CVE-2010-2951,0.31465,0.98202
CVE-2010-2952,0.02612,0.8472
CVE-2010-2953,0.00599,0.47346
CVE-2010-2954,0.00422,0.36147
CVE-2010-2955,0.00415,0.35459
CVE-2010-2956,0.00362,0.30087
CVE-2010-2957,0.01104,0.6429
CVE-2010-2958,0.019,0.78758
CVE-2010-2959,0.03746,0.89365
CVE-2010-2960,0.00506,0.42242
CVE-2010-2961,0.00474,0.40164
CVE-2010-2962,0.00483,0.40764
CVE-2010-2963,0.00816,0.55551
CVE-2010-2965,0.57816,0.99043
CVE-2010-2966,0.01548,0.7391
CVE-2010-2967,0.01731,0.76586
CVE-2010-2968,0.01476,0.72689
CVE-2010-2969,0.02551,0.84328
CVE-2010-2970,0.02551,0.84329
CVE-2010-2971,0.03688,0.89196
CVE-2010-2973,0.00781,0.54435
CVE-2010-2974,0.04477,0.91011
CVE-2010-2975,0.00309,0.23878
CVE-2010-2976,0.0213,0.81137
CVE-2010-2977,0.01282,0.68751
CVE-2010-2978,0.01795,0.77435
CVE-2010-2979,0.01205,0.66924
CVE-2010-2980,0.01205,0.66924
CVE-2010-2981,0.0106,0.63069
CVE-2010-2982,0.01222,0.67386
CVE-2010-2983,0.01205,0.66925
CVE-2010-2984,0.02516,0.84106
CVE-2010-2985,0.01073,0.63452
CVE-2010-2986,0.01107,0.6437
CVE-2010-2987,0.00845,0.56447
CVE-2010-2988,0.00845,0.56451
CVE-2010-2989,0.01064,0.63182
CVE-2010-2990,0.04921,0.91716
CVE-2010-2991,0.06849,0.93733
CVE-2010-2992,0.02599,0.84645
CVE-2010-2993,0.02292,0.82463
CVE-2010-2994,0.02431,0.83516
CVE-2010-2995,0.06731,0.93642
CVE-2010-2996,0.06812,0.93705
CVE-2010-2997,0.05792,0.92763
CVE-2010-2998,0.05908,0.92892
CVE-2010-2999,0.05924,0.92911
