cve	epss	percentile
CVE-2003-0001,0.01617,0.80776		
CVE-2003-0002,0.12986,0.93636		
CVE-2003-0003,0.21299,0.95288		
CVE-2003-0004,0.03597,0.87092		
CVE-2003-0007,0.04077,0.87901		
CVE-2003-0009,0.14081,0.9393		
CVE-2003-0010,0.18896,0.94919		
CVE-2003-0011,0.14786,0.94091		
CVE-2003-0012,0.00059,0.18555		
CVE-2003-0013,0.00911,0.74569		
CVE-2003-0014,0.00077,0.2381		
CVE-2003-0015,0.62854,0.98238		
CVE-2003-0016,0.43366,0.9729		
CVE-2003-0017,0.04924,0.89007		
CVE-2003-0018,0.00069,0.21735		
CVE-2003-0019,0.0021,0.43706		
CVE-2003-0020,0.19383,0.95003		
CVE-2003-0021,0.00615,0.68627		
CVE-2003-0022,0.00759,0.71991		
CVE-2003-0023,0.00541,0.6633		
CVE-2003-0024,0.0067,0.70072		
CVE-2003-0025,0.018,0.81746		
CVE-2003-0026,0.12417,0.93483		
CVE-2003-0027,0.65152,0.98336		
CVE-2003-0028,0.56051,0.97916		
CVE-2003-0030,0.05687,0.89865		
CVE-2003-0031,0.00791,0.72611		
CVE-2003-0032,0.00787,0.72556		
CVE-2003-0033,0.51588,0.97706		
CVE-2003-0034,0.00149,0.36587		
CVE-2003-0035,0.00117,0.31869		
CVE-2003-0036,0.00047,0.14244		
CVE-2003-0037,0.02088,0.83021		
CVE-2003-0038,0.10629,0.92842		
CVE-2003-0039,0.03937,0.87683		
CVE-2003-0040,0.00487,0.64111		
CVE-2003-0041,0.00911,0.74546		
CVE-2003-0042,0.55831,0.97905		
CVE-2003-0043,0.02561,0.84659		
CVE-2003-0044,0.6363,0.98268		
CVE-2003-0045,0.0171,0.81279		
CVE-2003-0046,0.0009,0.26993		
CVE-2003-0047,0.00081,0.24837		
CVE-2003-0048,0.00077,0.23794		
CVE-2003-0049,0.0054,0.66297		
CVE-2003-0050,0.87791,0.99411		
CVE-2003-0051,0.00492,0.64309		
CVE-2003-0052,0.00404,0.59849		
CVE-2003-0053,0.00392,0.5913		
CVE-2003-0054,0.00874,0.74006		
CVE-2003-0055,0.02479,0.84392		
CVE-2003-0056,0.00211,0.43861		
CVE-2003-0057,0.04362,0.88289		
CVE-2003-0058,0.19337,0.94998		
CVE-2003-0059,0.03221,0.8634		
CVE-2003-0060,0.09128,0.92182		
CVE-2003-0061,0.00071,0.22542		
CVE-2003-0062,0.00063,0.20104		
CVE-2003-0063,0.01131,0.77112		
CVE-2003-0064,0.00871,0.73962		
CVE-2003-0065,0.0067,0.70072		
CVE-2003-0066,0.00706,0.70871		
CVE-2003-0067,0.00722,0.7125		
CVE-2003-0068,0.00667,0.7002		
CVE-2003-0069,0.00347,0.56367		
CVE-2003-0070,0.00635,0.6916		
CVE-2003-0071,0.00082,0.25037		
CVE-2003-0072,0.01271,0.78377		
CVE-2003-0073,0.01297,0.78573		
CVE-2003-0074,0.00853,0.73708		
CVE-2003-0075,0.0356,0.87037		
CVE-2003-0076,0.00708,0.70929		
CVE-2003-0077,0.00667,0.7002		
CVE-2003-0078,0.07933,0.91548		
CVE-2003-0079,0.00083,0.25409		
CVE-2003-0080,0.00438,0.61875		
CVE-2003-0081,0.047,0.88731		
CVE-2003-0082,0.02512,0.84501		
CVE-2003-0083,0.10992,0.93008		
CVE-2003-0084,0.00572,0.67377		
CVE-2003-0085,0.86073,0.99322		
CVE-2003-0086,0.00325,0.54634		
CVE-2003-0087,0.004,0.59584		
CVE-2003-0088,0.00047,0.14244		
CVE-2003-0089,0.0028,0.51014		
CVE-2003-0091,0.00077,0.23892		
CVE-2003-0092,0.0005,0.15406		
CVE-2003-0093,0.01498,0.80065		
CVE-2003-0094,0.00349,0.56472		
CVE-2003-0095,0.43508,0.97299		
CVE-2003-0096,0.46317,0.97445		
CVE-2003-0097,0.00474,0.63465		
CVE-2003-0098,0.06825,0.90795		
CVE-2003-0099,0.00122,0.32681		
CVE-2003-0100,0.04067,0.87887		
CVE-2003-0101,0.15499,0.94245		
CVE-2003-0102,0.08278,0.91747		
CVE-2003-0103,0.00655,0.69726		
CVE-2003-0104,0.01388,0.79276		
CVE-2003-0105,0.00631,0.69066		
CVE-2003-0106,0.00749,0.7181		
CVE-2003-0107,0.23096,0.95538		
CVE-2003-0108,0.17043,0.94566		
CVE-2003-0109,0.89628,0.9951		
CVE-2003-0110,0.19456,0.95016		
CVE-2003-0111,0.26141,0.95938		
CVE-2003-0112,0.03564,0.87044		
CVE-2003-0113,0.36436,0.96855		
CVE-2003-0114,0.30354,0.9638		
CVE-2003-0115,0.09626,0.92417		
CVE-2003-0116,0.25468,0.95851		
CVE-2003-0117,0.18529,0.94852		
CVE-2003-0118,0.03805,0.87454		
CVE-2003-0119,0.01299,0.78597		
CVE-2003-0120,0.00084,0.25814		
CVE-2003-0121,0.04156,0.8802		
CVE-2003-0122,0.26285,0.95957		
CVE-2003-0123,0.04143,0.87998		
CVE-2003-0124,0.01887,0.82139		
CVE-2003-0125,0.10052,0.92604		
CVE-2003-0126,0.00467,0.63154		
CVE-2003-0127,0.00951,0.7511		
CVE-2003-0128,0.23711,0.95628		
CVE-2003-0129,0.16063,0.94376		
CVE-2003-0130,0.13122,0.93687		
CVE-2003-0131,0.23158,0.95549		
CVE-2003-0132,0.86718,0.99355		
CVE-2003-0133,0.00763,0.72082		
CVE-2003-0134,0.06515,0.90568		
CVE-2003-0135,0.00527,0.65824		
CVE-2003-0136,0.00092,0.27441		
CVE-2003-0137,0.00587,0.67839		
CVE-2003-0138,0.05644,0.89812		
CVE-2003-0139,0.04948,0.89037		
CVE-2003-0140,0.01896,0.82179		
CVE-2003-0141,0.00346,0.5626		
CVE-2003-0142,0.01937,0.82346		
CVE-2003-0143,0.12832,0.936		
CVE-2003-0144,0.0025,0.48234		
CVE-2003-0145,0.01271,0.78377		
CVE-2003-0146,0.03882,0.87611		
CVE-2003-0147,0.243,0.95728		
CVE-2003-0148,0.00019,0.03322		
CVE-2003-0149,0.00931,0.74841		
CVE-2003-0150,0.12813,0.93591		
CVE-2003-0151,0.04239,0.88128		
CVE-2003-0152,0.00904,0.74458		
CVE-2003-0153,0.0471,0.88741		
CVE-2003-0154,0.13333,0.93741		
CVE-2003-0155,0.0058,0.67627		
CVE-2003-0156,0.00412,0.60358		
CVE-2003-0159,0.02414,0.84175		
CVE-2003-0160,0.00354,0.56801		
CVE-2003-0161,0.82724,0.9917		
CVE-2003-0162,0.00911,0.74569		
CVE-2003-0163,0.00398,0.59514		
CVE-2003-0165,0.00749,0.71798		
CVE-2003-0166,0.26615,0.95995		
CVE-2003-0167,0.00931,0.74837		
CVE-2003-0168,0.32791,0.96579		
CVE-2003-0169,0.14559,0.94043		
CVE-2003-0170,0.01176,0.77533		
CVE-2003-0171,0.00132,0.34182		
CVE-2003-0172,0.22534,0.95452		
CVE-2003-0173,0.00085,0.25906		
CVE-2003-0174,0.00363,0.57398		
CVE-2003-0175,0.00097,0.28392		
CVE-2003-0176,0.00655,0.69726		
CVE-2003-0177,0.00069,0.21722		
CVE-2003-0178,0.58514,0.98036		
CVE-2003-0179,0.35636,0.96809		
CVE-2003-0180,0.10011,0.92589		
CVE-2003-0181,0.02839,0.85424		
CVE-2003-0187,0.00655,0.69726		
CVE-2003-0188,0.0006,0.18961		
CVE-2003-0189,0.16257,0.94417		
CVE-2003-0190,0.12913,0.93622		
CVE-2003-0192,0.15249,0.94197		
CVE-2003-0193,0.00079,0.2446		
CVE-2003-0194,0.00069,0.21722		
CVE-2003-0195,0.16373,0.94446		
CVE-2003-0196,0.06782,0.9077		
CVE-2003-0197,0.00053,0.16555		
CVE-2003-0198,0.00448,0.62351		
CVE-2003-0201,0.8285,0.99176		
CVE-2003-0202,0.00066,0.20872		
CVE-2003-0203,0.11206,0.93079		
CVE-2003-0204,0.01674,0.8108		
CVE-2003-0205,0.00904,0.74458		
CVE-2003-0206,0.00655,0.69726		
CVE-2003-0207,0.00112,0.31072		
CVE-2003-0208,0.00273,0.50382		
CVE-2003-0209,0.64409,0.98304		
CVE-2003-0210,0.02296,0.83793		
CVE-2003-0211,0.0929,0.92259		
CVE-2003-0212,0.01965,0.82467		
CVE-2003-0213,0.74735,0.98773		
CVE-2003-0214,0.00061,0.19407		
CVE-2003-0215,0.00845,0.7353		
CVE-2003-0216,0.00432,0.61485		
CVE-2003-0217,0.00323,0.54543		
CVE-2003-0218,0.06683,0.90693		
CVE-2003-0219,0.01778,0.81653		
CVE-2003-0220,0.81801,0.99123		
CVE-2003-0221,0.00064,0.20471		
CVE-2003-0222,0.30877,0.96424		
CVE-2003-0223,0.08342,0.91779		
CVE-2003-0224,0.13411,0.93763		
CVE-2003-0225,0.42077,0.97218		
CVE-2003-0226,0.53051,0.97766		
CVE-2003-0227,0.48647,0.97564		
CVE-2003-0228,0.72221,0.98645		
CVE-2003-0230,0.01396,0.79324		
CVE-2003-0231,0.23534,0.95605		
CVE-2003-0232,0.07,0.90926		
CVE-2003-0233,0.13253,0.93721		
CVE-2003-0235,0.00954,0.75155		
CVE-2003-0236,0.0317,0.86214		
CVE-2003-0237,0.00911,0.74569		
CVE-2003-0238,0.00911,0.74569		
CVE-2003-0239,0.01045,0.76264		
CVE-2003-0240,0.22357,0.95422		
CVE-2003-0241,0.02719,0.85118		
CVE-2003-0242,0.01404,0.79375		
CVE-2003-0243,0.04823,0.88893		
CVE-2003-0244,0.06885,0.9084		
CVE-2003-0245,0.85319,0.99287		
CVE-2003-0246,0.00122,0.32721		
CVE-2003-0247,0.01659,0.81007		
CVE-2003-0248,0.01435,0.79579		
CVE-2003-0249,0.0065,0.69579		
CVE-2003-0251,0.02512,0.84501		
CVE-2003-0252,0.21761,0.95347		
CVE-2003-0253,0.11983,0.93342		
CVE-2003-0254,0.09632,0.92418		
CVE-2003-0255,0.04212,0.881		
CVE-2003-0256,0.00982,0.75545		
CVE-2003-0257,0.00049,0.15207		
CVE-2003-0258,0.00649,0.69529		
CVE-2003-0259,0.00661,0.6989		
CVE-2003-0260,0.00661,0.6989		
CVE-2003-0261,0.00061,0.19407		
CVE-2003-0262,0.00185,0.40881		
CVE-2003-0263,0.20075,0.95106		
CVE-2003-0264,0.55213,0.97873		
CVE-2003-0265,0.00195,0.41963		
CVE-2003-0266,0.0161,0.8073		
CVE-2003-0267,0.00872,0.73971		
CVE-2003-0268,0.00496,0.64443		
CVE-2003-0269,0.00131,0.33968		
CVE-2003-0270,0.19608,0.95037		
CVE-2003-0271,0.04755,0.88807		
CVE-2003-0272,0.00952,0.75125		
CVE-2003-0273,0.00867,0.739		
CVE-2003-0274,0.04389,0.88324		
CVE-2003-0275,0.0075,0.71834		
CVE-2003-0276,0.1612,0.94386		
CVE-2003-0277,0.03779,0.87404		
CVE-2003-0278,0.00571,0.67353		
CVE-2003-0279,0.0002,0.03747		
CVE-2003-0280,0.11155,0.93066		
CVE-2003-0281,0.00121,0.32502		
CVE-2003-0282,0.10732,0.9288		
CVE-2003-0283,0.00722,0.71234		
CVE-2003-0284,0.01384,0.79247		
CVE-2003-0285,0.01177,0.7754		
CVE-2003-0286,0.01226,0.78005		
CVE-2003-0287,0.0124,0.7812		
CVE-2003-0288,0.05634,0.89804		
CVE-2003-0289,0.0013,0.33841		
CVE-2003-0290,0.13342,0.93743		
CVE-2003-0291,0.00692,0.70565		
CVE-2003-0292,0.00867,0.739		
CVE-2003-0293,0.04014,0.87812		
CVE-2003-0294,0.00497,0.64486		
CVE-2003-0295,0.00422,0.60956		
CVE-2003-0296,0.00954,0.75158		
CVE-2003-0297,0.00911,0.74538		
CVE-2003-0298,0.00954,0.75158		
CVE-2003-0299,0.00893,0.74301		
CVE-2003-0300,0.00845,0.73532		
CVE-2003-0301,0.04278,0.88182		
CVE-2003-0302,0.0086,0.7379		
CVE-2003-0303,0.00329,0.54948		
CVE-2003-0304,0.02856,0.85467		
CVE-2003-0305,0.00655,0.69726		
CVE-2003-0306,0.02485,0.84413		
CVE-2003-0307,0.00636,0.69197		
CVE-2003-0308,0.00061,0.1931		
CVE-2003-0309,0.15046,0.94155		
CVE-2003-0310,0.00367,0.57641		
CVE-2003-0312,0.03624,0.87149		
CVE-2003-0313,0.00618,0.68711		
CVE-2003-0314,0.04014,0.87812		
CVE-2003-0315,0.0486,0.88932		
CVE-2003-0316,0.00487,0.64129		
CVE-2003-0317,0.03498,0.86917		
CVE-2003-0318,0.00016,0.02404		
CVE-2003-0319,0.04561,0.88558		
CVE-2003-0320,0.0322,0.86337		
CVE-2003-0321,0.01222,0.7797		
CVE-2003-0322,0.00481,0.63849		
CVE-2003-0323,0.0101,0.75848		
CVE-2003-0324,0.00931,0.74837		
CVE-2003-0325,0.00158,0.37712		
CVE-2003-0326,0.00096,0.28265		
CVE-2003-0327,0.00806,0.72868		
CVE-2003-0328,0.05889,0.90051		
CVE-2003-0329,0.00061,0.19407		
CVE-2003-0330,0.00091,0.27175		
CVE-2003-0331,0.00638,0.69237		
CVE-2003-0332,0.01983,0.82546		
CVE-2003-0333,0.00205,0.431		
CVE-2003-0334,0.00083,0.25276		
CVE-2003-0335,0.00489,0.64219		
CVE-2003-0336,0.03186,0.86249		
CVE-2003-0337,0.00073,0.22892		
CVE-2003-0338,0.03054,0.85948		
CVE-2003-0339,0.04952,0.89041		
CVE-2003-0340,0.00471,0.6332		
CVE-2003-0341,0.00734,0.7149		
CVE-2003-0342,0.00073,0.22892		
CVE-2003-0343,0.00151,0.36981		
CVE-2003-0344,0.74307,0.98748		
CVE-2003-0345,0.46218,0.97439		
CVE-2003-0346,0.25679,0.95881		
CVE-2003-0347,0.74805,0.98775		
CVE-2003-0348,0.27593,0.96093		
CVE-2003-0349,0.88214,0.99431		
CVE-2003-0350,0.00884,0.74139		
CVE-2003-0352,0.90717,0.99575		
CVE-2003-0353,0.28368,0.96183		
CVE-2003-0354,0.00825,0.73179		
CVE-2003-0355,0.00353,0.56721		
CVE-2003-0356,0.28414,0.96188		
CVE-2003-0357,0.14379,0.93997		
CVE-2003-0358,0.00227,0.45593		
CVE-2003-0359,0.00046,0.13834		
CVE-2003-0360,0.0092,0.74691		
CVE-2003-0361,0.00636,0.69197		
CVE-2003-0362,0.00449,0.62396		
CVE-2003-0363,0.00636,0.69197		
CVE-2003-0364,0.03339,0.86585		
CVE-2003-0365,0.00073,0.22892		
CVE-2003-0366,0.01094,0.76727		
CVE-2003-0367,0.00141,0.35373		
CVE-2003-0368,0.01111,0.7693		
CVE-2003-0370,0.00942,0.74998		
CVE-2003-0371,0.04604,0.88618		
CVE-2003-0372,0.00172,0.39434		
CVE-2003-0373,0.00088,0.26646		
CVE-2003-0374,0.00467,0.6317		
CVE-2003-0375,0.00565,0.67145		
CVE-2003-0376,0.04811,0.88873		
CVE-2003-0377,0.00895,0.74315		
CVE-2003-0378,0.00348,0.56407		
CVE-2003-0379,0.00482,0.63903		
CVE-2003-0380,0.13832,0.93877		
CVE-2003-0381,0.00112,0.31072		
CVE-2003-0382,0.00083,0.25485		
CVE-2003-0385,0.00152,0.37103		
CVE-2003-0386,0.09637,0.9242		
CVE-2003-0388,0.00154,0.37237		
CVE-2003-0389,0.0035,0.56534		
CVE-2003-0390,0.00087,0.26326		
CVE-2003-0391,0.05551,0.89715		
CVE-2003-0392,0.00938,0.74955		
CVE-2003-0393,0.00497,0.64486		
CVE-2003-0394,0.0322,0.86337		
CVE-2003-0395,0.06003,0.90137		
CVE-2003-0396,0.00116,0.31739		
CVE-2003-0397,0.0321,0.86314		
CVE-2003-0398,0.01983,0.8255		
CVE-2003-0399,0.0061,0.68484		
CVE-2003-0400,0.02695,0.85045		
CVE-2003-0401,0.00901,0.74403		
CVE-2003-0402,0.00741,0.7165		
CVE-2003-0403,0.01062,0.76436		
CVE-2003-0404,0.00416,0.606		
CVE-2003-0405,0.00886,0.74166		
CVE-2003-0406,0.00056,0.17606		
CVE-2003-0407,0.03926,0.87666		
CVE-2003-0408,0.00318,0.5409		
CVE-2003-0409,0.07017,0.90942		
CVE-2003-0410,0.08388,0.91801		
CVE-2003-0411,0.10053,0.92606		
CVE-2003-0412,0.01092,0.76704		
CVE-2003-0413,0.01684,0.81156		
CVE-2003-0414,0.00048,0.14926		
CVE-2003-0415,0.00886,0.74185		
CVE-2003-0416,0.00519,0.65492		
CVE-2003-0417,0.01376,0.7919		
CVE-2003-0418,0.00934,0.74884		
CVE-2003-0419,0.00786,0.72526		
CVE-2003-0420,0.00077,0.24044		
CVE-2003-0421,0.00702,0.7078		
CVE-2003-0422,0.00655,0.69726		
CVE-2003-0423,0.00587,0.67839		
CVE-2003-0424,0.00587,0.67839		
CVE-2003-0425,0.01852,0.81995		
CVE-2003-0426,0.00897,0.74351		
CVE-2003-0427,0.03265,0.86434		
CVE-2003-0428,0.02306,0.83826		
CVE-2003-0429,0.02584,0.84725		
CVE-2003-0430,0.01271,0.78377		
CVE-2003-0431,0.00553,0.66721		
CVE-2003-0432,0.00553,0.66721		
CVE-2003-0433,0.01079,0.76596		
CVE-2003-0434,0.25515,0.95859		
CVE-2003-0435,0.0328,0.86458		
CVE-2003-0436,0.12752,0.93573		
CVE-2003-0437,0.05427,0.89585		
CVE-2003-0438,0.00083,0.25251		
CVE-2003-0440,0.00061,0.19393		
CVE-2003-0441,0.00053,0.16555		
CVE-2003-0442,0.51581,0.97706		
CVE-2003-0444,0.03422,0.86771		
CVE-2003-0445,0.02307,0.83828		
CVE-2003-0446,0.42809,0.97265		
CVE-2003-0447,0.33083,0.96601		
CVE-2003-0448,0.00112,0.31072		
CVE-2003-0449,0.00035,0.08805		
CVE-2003-0450,0.03402,0.86712		
CVE-2003-0451,0.00077,0.23961		
CVE-2003-0452,0.00091,0.27175		
CVE-2003-0453,0.01128,0.77086		
CVE-2003-0454,0.01256,0.78244		
CVE-2003-0455,0.00066,0.20872		
CVE-2003-0456,0.00923,0.74741		
CVE-2003-0458,0.00086,0.26174		
CVE-2003-0459,0.01525,0.80231		
CVE-2003-0460,0.09213,0.92223		
CVE-2003-0461,0.00091,0.27217		
CVE-2003-0462,0.0016,0.37927		
CVE-2003-0464,0.00061,0.19407		
CVE-2003-0465,0.00473,0.63404		
CVE-2003-0466,0.9019,0.99542		
CVE-2003-0467,0.00655,0.69726		
CVE-2003-0468,0.01821,0.8185		
CVE-2003-0469,0.51219,0.97688		
CVE-2003-0470,0.17665,0.94689		
CVE-2003-0471,0.71826,0.98628		
CVE-2003-0472,0.00928,0.74802		
CVE-2003-0473,0.00487,0.64125		
CVE-2003-0474,0.01265,0.7831		
CVE-2003-0475,0.01265,0.7831		
CVE-2003-0476,0.00111,0.30915		
CVE-2003-0477,0.00655,0.69726		
CVE-2003-0478,0.05549,0.89714		
CVE-2003-0479,0.00314,0.5377		
CVE-2003-0480,0.00041,0.11695		
CVE-2003-0481,0.00399,0.59529		
CVE-2003-0482,0.04845,0.8892		
CVE-2003-0483,0.00485,0.64049		
CVE-2003-0484,0.00867,0.739		
CVE-2003-0485,0.00354,0.56789		
CVE-2003-0486,0.01184,0.77583		
CVE-2003-0487,0.0979,0.92489		
CVE-2003-0488,0.00849,0.73632		
CVE-2003-0489,0.00046,0.13926		
CVE-2003-0490,0.00045,0.13537		
CVE-2003-0491,0.01624,0.80818		
CVE-2003-0492,0.00519,0.65492		
CVE-2003-0493,0.00461,0.62914		
CVE-2003-0494,0.00933,0.74867		
CVE-2003-0495,0.00571,0.67353		
CVE-2003-0496,0.00934,0.74885		
CVE-2003-0497,0.00112,0.30947		
CVE-2003-0498,0.00138,0.35016		
CVE-2003-0499,0.00112,0.31072		
CVE-2003-0500,0.01558,0.80426		
CVE-2003-0501,0.00223,0.45073		
CVE-2003-0502,0.00897,0.74357		
CVE-2003-0503,0.10577,0.92819		
CVE-2003-0504,0.00451,0.62449		
CVE-2003-0505,0.22271,0.95413		
CVE-2003-0506,0.07079,0.90984		
CVE-2003-0507,0.31198,0.96454		
CVE-2003-0508,0.16992,0.94557		
CVE-2003-0509,0.05791,0.89964		
CVE-2003-0510,0.05021,0.89126		
CVE-2003-0511,0.15398,0.94223		
CVE-2003-0512,0.01674,0.8108		
CVE-2003-0513,0.04641,0.88667		
CVE-2003-0514,0.02711,0.85099		
CVE-2003-0515,0.00726,0.7133		
CVE-2003-0516,0.00904,0.74458		
CVE-2003-0517,0.00055,0.17254		
CVE-2003-0518,0.00094,0.27772		
CVE-2003-0519,0.07079,0.90984		
CVE-2003-0520,0.00655,0.69726		
CVE-2003-0521,0.00422,0.60956		
CVE-2003-0522,0.00461,0.62892		
CVE-2003-0523,0.00403,0.59752		
CVE-2003-0524,0.0006,0.18951		
CVE-2003-0525,0.04454,0.88413		
CVE-2003-0526,0.52159,0.97731		
CVE-2003-0528,0.61159,0.98168		
CVE-2003-0530,0.33671,0.96655		
CVE-2003-0531,0.29459,0.96287		
CVE-2003-0532,0.33672,0.96655		
CVE-2003-0533,0.88814,0.99465		
CVE-2003-0535,0.00049,0.15127		
CVE-2003-0536,0.00739,0.7156		
CVE-2003-0537,0.00061,0.19407		
CVE-2003-0538,0.00636,0.69197		
CVE-2003-0539,0.00066,0.20872		
CVE-2003-0540,0.57494,0.97987		
CVE-2003-0541,0.01108,0.76896		
CVE-2003-0542,0.00406,0.59957		
CVE-2003-0543,0.43963,0.97319		
CVE-2003-0544,0.25236,0.95826		
CVE-2003-0545,0.7524,0.98795		
CVE-2003-0546,0.00636,0.69197		
CVE-2003-0547,0.00078,0.24098		
CVE-2003-0548,0.00602,0.68241		
CVE-2003-0549,0.00602,0.68241		
CVE-2003-0550,0.00712,0.71015		
CVE-2003-0551,0.00675,0.70192		
CVE-2003-0552,0.01517,0.80186		
CVE-2003-0553,0.0328,0.86458		
CVE-2003-0554,0.00655,0.69726		
CVE-2003-0555,0.00954,0.75158		
CVE-2003-0556,0.00655,0.69726		
CVE-2003-0557,0.00334,0.55359		
CVE-2003-0558,0.7578,0.98819		
CVE-2003-0559,0.0075,0.71834		
CVE-2003-0560,0.00586,0.67822		
CVE-2003-0561,0.06226,0.90329		
CVE-2003-0562,0.09899,0.92541		
CVE-2003-0564,0.3537,0.96784		
CVE-2003-0565,0.03491,0.86909		
CVE-2003-0567,0.24634,0.95762		
CVE-2003-0572,0.00543,0.66389		
CVE-2003-0573,0.00691,0.70549		
CVE-2003-0574,0.00046,0.13926		
CVE-2003-0575,0.03453,0.86841		
CVE-2003-0576,0.00655,0.69726		
CVE-2003-0577,0.05245,0.89404		
CVE-2003-0578,0.00028,0.06034		
CVE-2003-0579,0.00283,0.51301		
CVE-2003-0580,0.00077,0.23891		
CVE-2003-0581,0.01815,0.81823		
CVE-2003-0583,0.00052,0.16158		
CVE-2003-0584,0.0031,0.53476		
CVE-2003-0585,0.01239,0.78108		
CVE-2003-0586,0.04007,0.87795		
CVE-2003-0587,0.00137,0.34932		
CVE-2003-0588,0.02558,0.84653		
CVE-2003-0589,0.02558,0.84653		
CVE-2003-0590,0.01064,0.76448		
CVE-2003-0592,0.00712,0.7104		
CVE-2003-0593,0.00146,0.363		
CVE-2003-0594,0.00522,0.65621		
CVE-2003-0595,0.10086,0.9262		
CVE-2003-0596,0.00112,0.31072		
CVE-2003-0597,0.00081,0.24804		
CVE-2003-0599,0.00458,0.62735		
CVE-2003-0601,0.00717,0.71158		
CVE-2003-0602,0.01009,0.75833		
CVE-2003-0603,0.00092,0.27345		
CVE-2003-0604,0.08386,0.91799		
CVE-2003-0605,0.73769,0.98718		
CVE-2003-0606,0.00061,0.19407		
CVE-2003-0607,0.00083,0.25485		
CVE-2003-0609,0.00729,0.71376		
CVE-2003-0610,0.00863,0.73842		
CVE-2003-0611,0.00189,0.41375		
CVE-2003-0612,0.00125,0.33173		
CVE-2003-0613,0.00091,0.27175		
CVE-2003-0614,0.06043,0.90177		
CVE-2003-0615,0.07248,0.91105		
CVE-2003-0616,0.01965,0.82467		
CVE-2003-0617,0.00061,0.19407		
CVE-2003-0618,0.00054,0.17093		
CVE-2003-0619,0.05929,0.90076		
CVE-2003-0620,0.00167,0.38767		
CVE-2003-0621,0.0682,0.90791		
CVE-2003-0622,0.00776,0.72337		
CVE-2003-0623,0.00511,0.65125		
CVE-2003-0624,0.03461,0.86852		
CVE-2003-0625,0.07642,0.9138		
CVE-2003-0626,0.00763,0.72094		
CVE-2003-0627,0.00911,0.74569		
CVE-2003-0628,0.00346,0.56317		
CVE-2003-0629,0.00297,0.52514		
CVE-2003-0630,0.00049,0.15127		
CVE-2003-0631,0.0004,0.11333		
CVE-2003-0632,0.02817,0.8535		
CVE-2003-0633,0.00619,0.68764		
CVE-2003-0634,0.0265,0.84929		
CVE-2003-0635,0.00274,0.5052		
CVE-2003-0636,0.00229,0.45764		
CVE-2003-0637,0.00946,0.75061		
CVE-2003-0638,0.00554,0.66746		
CVE-2003-0639,0.00281,0.51046		
CVE-2003-0640,0.00647,0.69486		
CVE-2003-0641,0.00076,0.23741		
CVE-2003-0642,0.00102,0.29345		
CVE-2003-0643,0.00078,0.24122		
CVE-2003-0644,0.00045,0.13378		
CVE-2003-0645,0.00158,0.37681		
CVE-2003-0646,0.03077,0.86014		
CVE-2003-0647,0.08613,0.9191		
CVE-2003-0648,0.01762,0.81544		
CVE-2003-0649,0.00165,0.38599		
CVE-2003-0650,0.06027,0.90164		
CVE-2003-0651,0.05862,0.90021		
CVE-2003-0652,0.00077,0.23961		
CVE-2003-0653,0.00655,0.69726		
CVE-2003-0654,0.02039,0.82802		
CVE-2003-0655,0.00114,0.31346		
CVE-2003-0656,0.00121,0.32527		
CVE-2003-0657,0.00431,0.61455		
CVE-2003-0658,0.00388,0.58823		
CVE-2003-0659,0.03708,0.87292		
CVE-2003-0660,0.35516,0.96801		
CVE-2003-0661,0.16468,0.94464		
CVE-2003-0662,0.61804,0.98197		
CVE-2003-0663,0.28851,0.96238		
CVE-2003-0664,0.09531,0.92371		
CVE-2003-0665,0.38729,0.97026		
CVE-2003-0666,0.4458,0.97356		
CVE-2003-0669,0.00058,0.1833		
CVE-2003-0670,0.00092,0.27364		
CVE-2003-0671,0.00061,0.19291		
CVE-2003-0672,0.01882,0.82116		
CVE-2003-0676,0.0033,0.55116		
CVE-2003-0677,0.00739,0.71602		
CVE-2003-0679,0.00112,0.31072		
CVE-2003-0680,0.00489,0.64219		
CVE-2003-0681,0.13806,0.9387		
CVE-2003-0682,0.0033,0.55083		
CVE-2003-0683,0.00489,0.64195		
CVE-2003-0685,0.0156,0.80435		
CVE-2003-0686,0.42158,0.97223		
CVE-2003-0688,0.01623,0.80809		
CVE-2003-0689,0.00891,0.7426		
CVE-2003-0690,0.02096,0.83056		
CVE-2003-0692,0.01213,0.77865		
CVE-2003-0693,0.15843,0.94326		
CVE-2003-0694,0.75672,0.98815		
CVE-2003-0695,0.01015,0.75895		
CVE-2003-0696,0.00543,0.66389		
CVE-2003-0697,0.0005,0.15501		
CVE-2003-0699,0.00429,0.61362		
CVE-2003-0700,0.00576,0.67494		
CVE-2003-0701,0.38729,0.97026		
CVE-2003-0702,0.01979,0.82525		
CVE-2003-0703,0.00047,0.14244		
CVE-2003-0704,0.00047,0.14244		
CVE-2003-0705,0.04575,0.88578		
CVE-2003-0706,0.03927,0.87668		
CVE-2003-0707,0.02039,0.82802		
CVE-2003-0708,0.00911,0.74547		
CVE-2003-0709,0.02855,0.85462		
CVE-2003-0711,0.51121,0.9768		
CVE-2003-0712,0.24689,0.95768		
CVE-2003-0714,0.67793,0.98451		
CVE-2003-0715,0.61159,0.98168		
CVE-2003-0717,0.81912,0.99131		
CVE-2003-0718,0.81995,0.99135		
CVE-2003-0719,0.76216,0.98841		
CVE-2003-0720,0.19286,0.9499		
CVE-2003-0721,0.02818,0.85351		
CVE-2003-0722,0.89607,0.99509		
CVE-2003-0723,0.07541,0.91307		
CVE-2003-0724,0.00298,0.52579		
CVE-2003-0725,0.56134,0.97919		
CVE-2003-0726,0.09581,0.92396		
CVE-2003-0727,0.8881,0.99464		
CVE-2003-0728,0.00413,0.60448		
CVE-2003-0729,0.05386,0.89542		
CVE-2003-0730,0.05662,0.89841		
CVE-2003-0731,0.00382,0.58498		
CVE-2003-0732,0.00382,0.58498		
CVE-2003-0733,0.00969,0.75362		
CVE-2003-0734,0.00417,0.60622		
CVE-2003-0735,0.01091,0.76697		
CVE-2003-0736,0.01152,0.77307		
CVE-2003-0737,0.00306,0.53151		
CVE-2003-0738,0.00599,0.68161		
CVE-2003-0739,0.00056,0.17478		
CVE-2003-0740,0.00116,0.31648		
CVE-2003-0742,0.00181,0.40502		
CVE-2003-0743,0.07018,0.90943		
CVE-2003-0744,0.01271,0.78377		
CVE-2003-0745,0.00874,0.74009		
CVE-2003-0746,0.03699,0.8728		
CVE-2003-0747,0.06855,0.90819		
CVE-2003-0748,0.06855,0.90819		
CVE-2003-0749,0.05519,0.89679		
CVE-2003-0750,0.00455,0.62642		
CVE-2003-0751,0.00518,0.65452		
CVE-2003-0752,0.00684,0.70393		
CVE-2003-0753,0.00409,0.60169		
CVE-2003-0754,0.00538,0.66215		
CVE-2003-0755,0.04462,0.88427		
CVE-2003-0756,0.00248,0.48043		
CVE-2003-0757,0.03624,0.87149		
CVE-2003-0758,0.00152,0.37059		
CVE-2003-0759,0.00155,0.37388		
CVE-2003-0760,0.04721,0.8876		
CVE-2003-0761,0.00131,0.34003		
CVE-2003-0762,0.04245,0.88139		
CVE-2003-0763,0.00403,0.59752		
CVE-2003-0764,0.00346,0.56317		
CVE-2003-0765,0.04453,0.88412		
CVE-2003-0766,0.06733,0.90739		
CVE-2003-0767,0.05062,0.89176		
CVE-2003-0768,0.21676,0.95336		
CVE-2003-0769,0.00503,0.6475		
CVE-2003-0770,0.07292,0.91138		
CVE-2003-0771,0.00086,0.26091		
CVE-2003-0772,0.80972,0.99078		
CVE-2003-0773,0.01269,0.78343		
CVE-2003-0774,0.01498,0.80065		
CVE-2003-0775,0.01583,0.80555		
CVE-2003-0776,0.00743,0.71691		
CVE-2003-0777,0.00833,0.73331		
CVE-2003-0778,0.00833,0.73331		
CVE-2003-0779,0.00032,0.07597		
CVE-2003-0780,0.72999,0.98684		
CVE-2003-0781,0.00467,0.6317		
CVE-2003-0782,0.00751,0.71845		
CVE-2003-0783,0.00196,0.42175		
CVE-2003-0784,0.01195,0.77705		
CVE-2003-0785,0.00311,0.53527		
CVE-2003-0786,0.01366,0.79112		
CVE-2003-0787,0.00813,0.72977		
CVE-2003-0788,0.01928,0.82324		
CVE-2003-0789,0.09313,0.9227		
CVE-2003-0791,0.01149,0.77286		
CVE-2003-0792,0.01344,0.78923		
CVE-2003-0793,0.00074,0.23225		
CVE-2003-0794,0.00083,0.25276		
CVE-2003-0795,0.08008,0.91599		
CVE-2003-0796,0.00741,0.7164		
CVE-2003-0797,0.00911,0.74569		
CVE-2003-0801,0.0031,0.53444		
CVE-2003-0802,0.02272,0.83706		
CVE-2003-0803,0.02014,0.82703		
CVE-2003-0804,0.00739,0.71602		
CVE-2003-0805,0.07951,0.91564		
CVE-2003-0806,0.46722,0.97469		
CVE-2003-0807,0.38004,0.96968		
CVE-2003-0809,0.45451,0.97399		
CVE-2003-0812,0.85322,0.99287		
CVE-2003-0813,0.52362,0.97739		
CVE-2003-0814,0.29686,0.96306		
CVE-2003-0815,0.17013,0.94559		
CVE-2003-0816,0.72126,0.98642		
CVE-2003-0817,0.16176,0.94397		
CVE-2003-0818,0.89651,0.99511		
CVE-2003-0819,0.58556,0.9804		
CVE-2003-0820,0.2731,0.96067		
CVE-2003-0821,0.14384,0.93998		
CVE-2003-0822,0.89141,0.99482		
CVE-2003-0823,0.35534,0.96802		
CVE-2003-0824,0.39523,0.97069		
CVE-2003-0825,0.46066,0.97428		
CVE-2003-0826,0.27289,0.96065		
CVE-2003-0827,0.0079,0.72603		
CVE-2003-0828,0.00083,0.25485		
CVE-2003-0830,0.00182,0.4062		
CVE-2003-0831,0.36958,0.96887		
CVE-2003-0832,0.00395,0.59253		
CVE-2003-0833,0.05025,0.89132		
CVE-2003-0834,0.00792,0.72631		
CVE-2003-0835,0.05063,0.89177		
CVE-2003-0836,0.01081,0.76613		
CVE-2003-0837,0.0149,0.8001		
CVE-2003-0838,0.72944,0.98681		
CVE-2003-0839,0.07998,0.91592		
CVE-2003-0840,0.0019,0.41492		
CVE-2003-0841,0.00303,0.52949		
CVE-2003-0842,0.04778,0.88829		
CVE-2003-0843,0.01734,0.814		
CVE-2003-0844,0.00071,0.22523		
CVE-2003-0845,0.18913,0.94929		
CVE-2003-0846,0.00073,0.22892		
CVE-2003-0847,0.00154,0.37338		
CVE-2003-0848,0.00289,0.51884		
CVE-2003-0849,0.07684,0.91402		
CVE-2003-0850,0.02761,0.85215		
CVE-2003-0851,0.06853,0.90815		
CVE-2003-0852,0.00602,0.68241		
CVE-2003-0853,0.02438,0.84252		
CVE-2003-0854,0.00234,0.46287		
CVE-2003-0855,0.01099,0.76788		
CVE-2003-0856,0.00054,0.16809		
CVE-2003-0857,0.00046,0.13998		
CVE-2003-0858,0.00071,0.22346		
CVE-2003-0859,0.00054,0.17039		
CVE-2003-0860,0.00435,0.61699		
CVE-2003-0861,0.00403,0.59768		
CVE-2003-0863,0.02992,0.85798		
CVE-2003-0864,0.0922,0.92226		
CVE-2003-0865,0.19504,0.95022		
CVE-2003-0866,0.20413,0.95162		
CVE-2003-0870,0.11662,0.93238		
CVE-2003-0871,0.00557,0.66828		
CVE-2003-0872,0.00068,0.21383		
CVE-2003-0874,0.00532,0.66015		
CVE-2003-0875,0.00169,0.38987		
CVE-2003-0876,0.00059,0.18621		
CVE-2003-0877,0.00068,0.21501		
CVE-2003-0878,0.00078,0.24239		
CVE-2003-0880,0.00061,0.19407		
CVE-2003-0881,0.00785,0.72489		
CVE-2003-0882,0.00346,0.56317		
CVE-2003-0883,0.00061,0.19407		
CVE-2003-0885,0.00361,0.5729		
CVE-2003-0886,0.07428,0.91231		
CVE-2003-0887,0.00063,0.20033		
CVE-2003-0894,0.00209,0.43645		
CVE-2003-0895,0.00306,0.53121		
CVE-2003-0896,0.26234,0.9595		
CVE-2003-0897,0.00411,0.60318		
CVE-2003-0898,0.0118,0.77562		
CVE-2003-0899,0.29192,0.96261		
CVE-2003-0900,0.00381,0.58437		
CVE-2003-0901,0.05027,0.89135		
CVE-2003-0902,0.00904,0.74458		
CVE-2003-0903,0.67453,0.98434		
CVE-2003-0904,0.21894,0.95374		
CVE-2003-0905,0.27216,0.96057		
CVE-2003-0906,0.45302,0.97392		
CVE-2003-0907,0.42335,0.97237		
CVE-2003-0908,0.04323,0.8824		
CVE-2003-0909,0.14117,0.93937		
CVE-2003-0910,0.04802,0.88865		
CVE-2003-0913,0.0009,0.26899		
CVE-2003-0914,0.15113,0.94171		
CVE-2003-0924,0.00099,0.28789		
CVE-2003-0925,0.02752,0.85193		
CVE-2003-0926,0.02486,0.84418		
CVE-2003-0927,0.02429,0.84224		
CVE-2003-0928,0.00311,0.53527		
CVE-2003-0929,0.00311,0.53527		
CVE-2003-0930,0.00311,0.53527		
CVE-2003-0931,0.00739,0.71602		
CVE-2003-0932,0.00091,0.27175		
CVE-2003-0933,0.00091,0.27175		
CVE-2003-0934,0.00069,0.21722		
CVE-2003-0935,0.00602,0.68251		
CVE-2003-0936,0.0007,0.22003		
CVE-2003-0937,0.00089,0.26757		
CVE-2003-0938,0.00046,0.13926		
CVE-2003-0939,0.04561,0.88558		
CVE-2003-0940,0.00466,0.63122		
CVE-2003-0941,0.009,0.74385		
CVE-2003-0942,0.03225,0.86347		
CVE-2003-0943,0.009,0.74385		
CVE-2003-0944,0.03225,0.86347		
CVE-2003-0945,0.009,0.74385		
CVE-2003-0946,0.01965,0.82467		
CVE-2003-0947,0.00182,0.40551		
CVE-2003-0948,0.0012,0.32324		
CVE-2003-0949,0.00059,0.18743		
CVE-2003-0950,0.00982,0.75545		
CVE-2003-0951,0.00355,0.56819		
CVE-2003-0954,0.00075,0.23461		
CVE-2003-0955,0.00498,0.64527		
CVE-2003-0956,0.00077,0.23926		
CVE-2003-0959,0.00376,0.58151		
CVE-2003-0960,0.00263,0.49545		
CVE-2003-0961,0.01417,0.79462		
CVE-2003-0962,0.26219,0.95949		
CVE-2003-0963,0.15426,0.94229		
CVE-2003-0965,0.03138,0.86138		
CVE-2003-0966,0.04102,0.87951		
CVE-2003-0967,0.04403,0.88344		
CVE-2003-0968,0.02544,0.84596		
CVE-2003-0969,0.02468,0.84351		
CVE-2003-0970,0.00655,0.69726		
CVE-2003-0971,0.01194,0.77699		
CVE-2003-0972,0.01208,0.77822		
CVE-2003-0973,0.05869,0.9003		
CVE-2003-0974,0.07069,0.90976		
CVE-2003-0975,0.00404,0.59849		
CVE-2003-0976,0.00265,0.49786		
CVE-2003-0977,0.01901,0.82208		
CVE-2003-0978,0.02116,0.83144		
CVE-2003-0979,0.00336,0.55619		
CVE-2003-0980,0.00297,0.52514		
CVE-2003-0981,0.00213,0.44124		
CVE-2003-0982,0.05515,0.89671		
CVE-2003-0983,0.00565,0.67155		
CVE-2003-0984,0.00113,0.31131		
CVE-2003-0985,0.0057,0.67308		
CVE-2003-0986,0.00055,0.17329		
CVE-2003-0987,0.19648,0.95044		
CVE-2003-0988,0.07323,0.91157		
CVE-2003-0989,0.18903,0.94927		
CVE-2003-0990,0.78049,0.98933		
CVE-2003-0991,0.01583,0.80555		
CVE-2003-0992,0.00524,0.65682		
CVE-2003-0993,0.05667,0.89845		
CVE-2003-0994,0.00061,0.19372		
CVE-2003-0995,0.12061,0.93365		
CVE-2003-0996,0.0006,0.18956		
CVE-2003-0997,0.00419,0.60718		
CVE-2003-0998,0.0006,0.18956		
CVE-2003-0999,0.00058,0.18508		
CVE-2003-1000,0.01114,0.76956		
CVE-2003-1001,0.00795,0.72688		
CVE-2003-1002,0.00655,0.69726		
CVE-2003-1003,0.0059,0.67938		
CVE-2003-1004,0.00655,0.69726		
CVE-2003-1005,0.00763,0.72082		
CVE-2003-1006,0.00346,0.56318		
CVE-2003-1007,0.00503,0.64755		
CVE-2003-1008,0.00073,0.22892		
CVE-2003-1009,0.01079,0.76599		
CVE-2003-1010,0.00066,0.20872		
CVE-2003-1011,0.00047,0.14244		
CVE-2003-1012,0.03013,0.85851		
CVE-2003-1013,0.04459,0.88421		
CVE-2003-1014,0.00341,0.55919		
CVE-2003-1015,0.00341,0.55919		
CVE-2003-1016,0.00341,0.55919		
CVE-2003-1017,0.10246,0.92683		
CVE-2003-1018,0.00053,0.16648		
CVE-2003-1020,0.00543,0.66389		
CVE-2003-1021,0.00066,0.20842		
CVE-2003-1022,0.01267,0.78329		
CVE-2003-1023,0.08278,0.91748		
CVE-2003-1024,0.00069,0.21812		
CVE-2003-1025,0.67172,0.98426		
CVE-2003-1026,0.59285,0.98073		
CVE-2003-1027,0.60933,0.98156		
CVE-2003-1028,0.1492,0.94125		
CVE-2003-1029,0.21385,0.95299		
CVE-2003-1030,0.46046,0.97427		
CVE-2003-1031,0.00353,0.56761		
CVE-2003-1032,0.04823,0.88894		
CVE-2003-1033,0.00036,0.09057		
CVE-2003-1034,0.0005,0.1544		
CVE-2003-1035,0.00363,0.57364		
CVE-2003-1036,0.03077,0.86014		
CVE-2003-1037,0.01922,0.823		
CVE-2003-1038,0.00346,0.56317		
CVE-2003-1039,0.03474,0.86885		
CVE-2003-1040,0.00078,0.24188		
CVE-2003-1041,0.70948,0.9859		
CVE-2003-1042,0.00569,0.67295		
CVE-2003-1043,0.00685,0.7043		
CVE-2003-1044,0.00602,0.68241		
CVE-2003-1045,0.00524,0.65682		
CVE-2003-1046,0.00741,0.7164		
CVE-2003-1048,0.53666,0.97798		
CVE-2003-1049,0.00051,0.16022		
CVE-2003-1050,0.00154,0.37309		
CVE-2003-1051,0.0005,0.15627		
CVE-2003-1052,0.00373,0.57933		
CVE-2003-1053,0.0024,0.47119		
CVE-2003-1054,0.07086,0.90991		
CVE-2003-1055,0.00249,0.48207		
CVE-2003-1056,0.00047,0.1432		
CVE-2003-1057,0.00059,0.18706		
CVE-2003-1058,0.00077,0.2381		
CVE-2003-1059,0.00047,0.1432		
CVE-2003-1060,0.00739,0.71602		
CVE-2003-1061,0.00063,0.19921		
CVE-2003-1062,0.00068,0.21501		
CVE-2003-1063,0.00428,0.61316		
CVE-2003-1064,0.0135,0.78996		
CVE-2003-1065,0.00065,0.2056		
CVE-2003-1066,0.02283,0.8375		
CVE-2003-1067,0.00092,0.27449		
CVE-2003-1068,0.0005,0.15406		
CVE-2003-1069,0.00763,0.72082		
CVE-2003-1070,0.009,0.74388		
CVE-2003-1071,0.00322,0.54384		
CVE-2003-1072,0.00065,0.2056		
CVE-2003-1073,0.00165,0.38603		
CVE-2003-1074,0.00053,0.16796		
CVE-2003-1075,0.00911,0.74569		
CVE-2003-1076,0.00053,0.16796		
CVE-2003-1077,0.0007,0.22263		
CVE-2003-1078,0.00602,0.68241		
CVE-2003-1079,0.01108,0.76896		
CVE-2003-1080,0.00078,0.24098		
CVE-2003-1081,0.01834,0.81913		
CVE-2003-1082,0.00144,0.3592		
CVE-2003-1083,0.55808,0.97904		
CVE-2003-1084,0.05466,0.8962		
CVE-2003-1085,0.09978,0.92575		
CVE-2003-1086,0.01605,0.80696		
CVE-2003-1087,0.00826,0.73204		
CVE-2003-1088,0.0053,0.6597		
CVE-2003-1089,0.03573,0.87062		
CVE-2003-1090,0.23011,0.95522		
CVE-2003-1091,0.17672,0.9469		
CVE-2003-1092,0.05911,0.90062		
CVE-2003-1093,0.00119,0.32113		
CVE-2003-1094,0.00797,0.72726		
CVE-2003-1095,0.00127,0.33473		
CVE-2003-1096,0.40945,0.9716		
CVE-2003-1097,0.00374,0.5802		
CVE-2003-1098,0.00141,0.35423		
CVE-2003-1099,0.0017,0.39148		
CVE-2003-1100,0.01594,0.80628		
CVE-2003-1101,0.01594,0.80628		
CVE-2003-1102,0.01033,0.76117		
CVE-2003-1103,0.00902,0.74422		
CVE-2003-1104,0.14164,0.93946		
CVE-2003-1105,0.09233,0.92234		
CVE-2003-1106,0.01076,0.76571		
CVE-2003-1107,0.08431,0.9182		
CVE-2003-1108,0.12221,0.9343		
CVE-2003-1109,0.16196,0.944		
CVE-2003-1110,0.15735,0.94296		
CVE-2003-1111,0.15735,0.94296		
CVE-2003-1112,0.11565,0.93207		
CVE-2003-1113,0.15735,0.94296		
CVE-2003-1114,0.11565,0.93207		
CVE-2003-1115,0.11565,0.93207		
CVE-2003-1116,0.01691,0.81189		
CVE-2003-1117,0.05588,0.89758		
CVE-2003-1118,0.24355,0.95733		
CVE-2003-1119,0.00704,0.70828		
CVE-2003-1120,0.00102,0.2921		
CVE-2003-1121,0.04965,0.89056		
CVE-2003-1122,0.00212,0.44014		
CVE-2003-1123,0.14557,0.94042		
CVE-2003-1124,0.00105,0.29839		
CVE-2003-1125,0.0055,0.66627		
CVE-2003-1126,0.01076,0.76571		
CVE-2003-1127,0.00644,0.694		
CVE-2003-1128,0.03356,0.8662		
CVE-2003-1129,0.19568,0.95032		
CVE-2003-1131,0.05059,0.89171		
CVE-2003-1132,0.00534,0.66081		
CVE-2003-1133,0.00087,0.26327		
CVE-2003-1134,0.00144,0.35975		
CVE-2003-1135,0.03339,0.86584		
CVE-2003-1136,0.01966,0.82471		
CVE-2003-1137,0.06466,0.90527		
CVE-2003-1138,0.03178,0.86237		
CVE-2003-1139,0.02463,0.84338		
CVE-2003-1140,0.01443,0.79621		
CVE-2003-1141,0.78728,0.98965		
CVE-2003-1142,0.00851,0.73669		
CVE-2003-1143,0.05794,0.89967		
CVE-2003-1144,0.2372,0.95629		
CVE-2003-1145,0.0123,0.78034		
CVE-2003-1146,0.00464,0.6304		
CVE-2003-1148,0.08378,0.91794		
CVE-2003-1149,0.01998,0.82616		
CVE-2003-1150,0.02277,0.83717		
CVE-2003-1151,0.01124,0.77037		
CVE-2003-1152,0.00622,0.68868		
CVE-2003-1153,0.0057,0.67323		
CVE-2003-1154,0.00447,0.62286		
CVE-2003-1155,0.00074,0.23063		
CVE-2003-1156,0.00063,0.20138		
CVE-2003-1157,0.03356,0.8662		
CVE-2003-1158,0.03784,0.87415		
CVE-2003-1159,0.00996,0.75707		
CVE-2003-1160,0.07424,0.91227		
CVE-2003-1161,0.00065,0.20547		
CVE-2003-1162,0.04002,0.87785		
CVE-2003-1163,0.01498,0.80065		
CVE-2003-1164,0.02596,0.84758		
CVE-2003-1165,0.06699,0.90705		
CVE-2003-1166,0.04819,0.88885		
CVE-2003-1167,0.00205,0.43105		
CVE-2003-1168,0.00409,0.60169		
CVE-2003-1169,0.00256,0.48888		
CVE-2003-1170,0.00062,0.19749		
CVE-2003-1171,0.06854,0.90818		
CVE-2003-1172,0.17248,0.94621		
CVE-2003-1173,0.07495,0.91276		
CVE-2003-1174,0.00455,0.62633		
CVE-2003-1175,0.0053,0.6597		
CVE-2003-1176,0.07883,0.91519		
CVE-2003-1177,0.23259,0.95565		
CVE-2003-1178,0.01495,0.80043		
CVE-2003-1179,0.08311,0.91764		
CVE-2003-1180,0.01167,0.77453		
CVE-2003-1181,0.0754,0.91306		
CVE-2003-1182,0.00416,0.606		
CVE-2003-1183,0.00272,0.50316		
CVE-2003-1184,0.03992,0.87762		
CVE-2003-1185,0.01139,0.77204		
CVE-2003-1186,0.05514,0.89669		
CVE-2003-1187,0.00655,0.69739		
CVE-2003-1188,0.0113,0.77101		
CVE-2003-1189,0.00911,0.74569		
CVE-2003-1190,0.00427,0.61228		
CVE-2003-1191,0.05223,0.89376		
CVE-2003-1192,0.81018,0.99081		
CVE-2003-1193,0.00425,0.6109		
CVE-2003-1194,0.0124,0.7812		
CVE-2003-1195,0.00584,0.67768		
CVE-2003-1196,0.00611,0.68555		
CVE-2003-1197,0.00834,0.73356		
CVE-2003-1198,0.00804,0.7283		
CVE-2003-1199,0.01157,0.77373		
CVE-2003-1200,0.5989,0.98105		
CVE-2003-1201,0.00282,0.51104		
CVE-2003-1202,0.0404,0.87849		
CVE-2003-1203,0.00524,0.6567		
CVE-2003-1204,0.0772,0.91424		
CVE-2003-1205,0.00911,0.74569		
CVE-2003-1206,0.01093,0.76716		
CVE-2003-1207,0.04452,0.88408		
CVE-2003-1208,0.08383,0.91796		
CVE-2003-1209,0.00739,0.71602		
CVE-2003-1210,0.00019,0.03352		
CVE-2003-1211,0.01535,0.8029		
CVE-2003-1212,0.01288,0.78508		
CVE-2003-1213,0.05513,0.89667		
CVE-2003-1214,0.00415,0.60504		
CVE-2003-1215,0.00062,0.19691		
CVE-2003-1216,0.02225,0.83566		
CVE-2003-1219,0.00584,0.67741		
CVE-2003-1220,0.00489,0.64241		
CVE-2003-1221,0.00383,0.58561		
CVE-2003-1222,0.00262,0.49382		
CVE-2003-1223,0.00489,0.64241		
CVE-2003-1224,0.00062,0.19652		
CVE-2003-1225,0.00055,0.17268		
CVE-2003-1226,0.00033,0.08147		
CVE-2003-1227,0.05744,0.89924		
CVE-2003-1228,0.12374,0.93475		
CVE-2003-1229,0.01592,0.80621		
CVE-2003-1230,0.00524,0.65682		
CVE-2003-1231,0.00565,0.67154		
CVE-2003-1232,0.06477,0.90535		
CVE-2003-1233,0.0015,0.36804		
CVE-2003-1234,0.00068,0.21403		
CVE-2003-1235,0.00408,0.60105		
CVE-2003-1236,0.27561,0.96091		
CVE-2003-1237,0.00396,0.59344		
CVE-2003-1238,0.00528,0.65874		
CVE-2003-1239,0.06466,0.90527		
CVE-2003-1240,0.01794,0.81723		
CVE-2003-1241,0.0043,0.61381		
CVE-2003-1242,0.03447,0.86828		
CVE-2003-1243,0.00519,0.65492		
CVE-2003-1244,0.01005,0.75791		
CVE-2003-1245,0.03068,0.85994		
CVE-2003-1246,0.00064,0.20429		
CVE-2003-1247,0.38358,0.96997		
CVE-2003-1248,0.01272,0.78378		
CVE-2003-1249,0.01373,0.79171		
CVE-2003-1250,0.01271,0.78377		
CVE-2003-1251,0.04132,0.87983		
CVE-2003-1252,0.05018,0.89123		
CVE-2003-1253,0.00945,0.75049		
CVE-2003-1254,0.00396,0.59344		
CVE-2003-1255,0.00448,0.62362		
CVE-2003-1256,0.0577,0.89948		
CVE-2003-1257,0.00462,0.62949		
CVE-2003-1258,0.009,0.74385		
CVE-2003-1259,0.02922,0.85627		
CVE-2003-1260,0.10093,0.92624		
CVE-2003-1261,0.00072,0.22759		
CVE-2003-1262,0.03087,0.8604		
CVE-2003-1263,0.08802,0.92006		
CVE-2003-1264,0.00641,0.6932		
CVE-2003-1265,0.00071,0.22477		
CVE-2003-1266,0.07321,0.91156		
CVE-2003-1267,0.00886,0.74185		
CVE-2003-1268,0.0139,0.7929		
CVE-2003-1269,0.00346,0.56221		
CVE-2003-1270,0.00857,0.73749		
CVE-2003-1271,0.00401,0.5965		
CVE-2003-1272,0.02501,0.84455		
CVE-2003-1273,0.00229,0.45768		
CVE-2003-1274,0.00655,0.69726		
CVE-2003-1275,0.11179,0.93072		
CVE-2003-1276,0.00041,0.11875		
CVE-2003-1277,0.00573,0.67388		
CVE-2003-1278,0.00492,0.64344		
CVE-2003-1279,0.00076,0.23741		
CVE-2003-1280,0.00333,0.553		
CVE-2003-1281,0.00084,0.25814		
CVE-2003-1282,0.00346,0.56221		
CVE-2003-1283,0.01922,0.823		
CVE-2003-1284,0.00619,0.68728		
CVE-2003-1285,0.01386,0.79264		
CVE-2003-1286,0.09764,0.92478		
CVE-2003-1287,0.00139,0.35204		
CVE-2003-1288,0.00425,0.61098		
CVE-2003-1289,0.00078,0.24098		
CVE-2003-1290,0.00486,0.64088		
CVE-2003-1291,0.00035,0.0869		
CVE-2003-1292,0.10657,0.92851		
CVE-2003-1293,0.00297,0.52514		
CVE-2003-1294,0.00073,0.22945		
CVE-2003-1295,0.00065,0.20705		
CVE-2003-1296,0.00693,0.70585		
CVE-2003-1297,0.00408,0.60105		
CVE-2003-1298,0.00823,0.73159		
CVE-2003-1299,0.00547,0.66549		
CVE-2003-1300,0.00886,0.74185		
CVE-2003-1301,0.00956,0.75172		
CVE-2003-1302,0.00471,0.63313		
CVE-2003-1303,0.01352,0.7901		
CVE-2003-1304,0.07497,0.91277		
CVE-2003-1305,0.00565,0.67128		
CVE-2003-1306,0.00309,0.53351		
CVE-2003-1307,0.01228,0.78022		
CVE-2003-1308,0.00271,0.50279		
CVE-2003-1309,0.01084,0.76645		
CVE-2003-1310,0.00163,0.38359		
CVE-2003-1311,0.00486,0.64073		
CVE-2003-1312,0.00273,0.50451		
CVE-2003-1313,0.01596,0.80639		
CVE-2003-1314,0.04346,0.88268		
CVE-2003-1315,0.00754,0.71912		
CVE-2003-1316,0.00414,0.60467		
CVE-2003-1317,0.00663,0.69924		
CVE-2003-1318,0.03548,0.8702		
CVE-2003-1319,0.27151,0.96051		
CVE-2003-1320,0.0111,0.76912		
CVE-2003-1321,0.05422,0.89579		
CVE-2003-1322,0.05122,0.89251		
CVE-2003-1323,0.00259,0.49131		
CVE-2003-1324,0.00052,0.16061		
CVE-2003-1325,0.00498,0.64509		
CVE-2003-1326,0.1111,0.93054		
CVE-2003-1327,0.01277,0.78421		
CVE-2003-1328,0.43563,0.97302		
CVE-2003-1329,0.00491,0.64298		
CVE-2003-1330,0.00179,0.40169		
CVE-2003-1331,0.0132,0.7874		
CVE-2003-1332,0.063,0.90387		
CVE-2003-1333,0.01073,0.76528		
CVE-2003-1334,0.00225,0.45387		
CVE-2003-1335,0.00076,0.23759		
CVE-2003-1336,0.67579,0.98441		
CVE-2003-1337,0.0226,0.83669		
CVE-2003-1338,0.00318,0.54049		
CVE-2003-1339,0.13357,0.93748		
CVE-2003-1340,0.00282,0.5117		
CVE-2003-1341,0.06134,0.90249		
CVE-2003-1342,0.05535,0.89697		
CVE-2003-1343,0.0278,0.85259		
CVE-2003-1344,0.02956,0.85715		
CVE-2003-1345,0.00077,0.23865		
CVE-2003-1346,0.00583,0.67729		
CVE-2003-1347,0.00831,0.73287		
CVE-2003-1348,0.01823,0.81861		
CVE-2003-1349,0.00196,0.42126		
CVE-2003-1350,0.03022,0.85875		
CVE-2003-1351,0.00095,0.27948		
CVE-2003-1352,0.00283,0.51246		
CVE-2003-1353,0.00254,0.48737		
CVE-2003-1354,0.03874,0.87597		
CVE-2003-1355,0.0566,0.89838		
CVE-2003-1356,0.00053,0.16456		
CVE-2003-1357,0.00837,0.73402		
CVE-2003-1358,0.00191,0.41532		
CVE-2003-1359,0.00175,0.39806		
CVE-2003-1360,0.00059,0.18783		
CVE-2003-1361,0.00919,0.74681		
CVE-2003-1362,0.00735,0.71502		
CVE-2003-1363,0.00253,0.48534		
CVE-2003-1364,0.04792,0.88851		
CVE-2003-1365,0.00494,0.64401		
CVE-2003-1366,0.00206,0.43277		
CVE-2003-1367,0.00343,0.56028		
CVE-2003-1368,0.05398,0.89551		
CVE-2003-1369,0.04969,0.8906		
CVE-2003-1370,0.00329,0.55038		
CVE-2003-1371,0.01976,0.82512		
CVE-2003-1372,0.00346,0.56209		
CVE-2003-1373,0.00142,0.35636		
CVE-2003-1374,0.00119,0.32163		
CVE-2003-1375,0.00244,0.47687		
CVE-2003-1376,0.00035,0.08918		
CVE-2003-1377,0.02799,0.85313		
CVE-2003-1378,0.34472,0.96724		
CVE-2003-1379,0.0025,0.48221		
CVE-2003-1380,0.00155,0.3735		
CVE-2003-1381,0.03925,0.87665		
CVE-2003-1382,0.0284,0.85428		
CVE-2003-1383,0.00539,0.66275		
CVE-2003-1384,0.00515,0.65298		
CVE-2003-1385,0.0268,0.85005		
CVE-2003-1386,0.03986,0.87757		
CVE-2003-1387,0.09985,0.92577		
CVE-2003-1388,0.02331,0.83922		
CVE-2003-1389,0.00334,0.5537		
CVE-2003-1390,0.00259,0.49131		
CVE-2003-1391,0.0018,0.40282		
CVE-2003-1392,0.0077,0.72194		
CVE-2003-1393,0.05227,0.89381		
CVE-2003-1394,0.00294,0.52189		
CVE-2003-1395,0.02813,0.85344		
CVE-2003-1396,0.0383,0.87497		
CVE-2003-1397,0.05155,0.8929		
CVE-2003-1398,0.00702,0.70773		
CVE-2003-1399,0.00055,0.17422		
CVE-2003-1400,0.00121,0.32449		
CVE-2003-1401,0.02321,0.83876		
CVE-2003-1402,0.00675,0.70189		
CVE-2003-1403,0.00595,0.68053		
CVE-2003-1404,0.00539,0.66275		
CVE-2003-1405,0.04897,0.88979		
CVE-2003-1406,0.00947,0.7507		
CVE-2003-1407,0.03663,0.87218		
CVE-2003-1408,0.00319,0.54178		
CVE-2003-1409,0.03243,0.86386		
CVE-2003-1410,0.02323,0.83881		
CVE-2003-1411,0.01392,0.79306		
CVE-2003-1412,0.02143,0.83249		
CVE-2003-1413,0.00267,0.4993		
CVE-2003-1414,0.02664,0.8496		
CVE-2003-1415,0.00631,0.6908		
CVE-2003-1416,0.00508,0.65035		
CVE-2003-1417,0.00063,0.19988		
CVE-2003-1418,0.00321,0.54341		
CVE-2003-1419,0.02917,0.85618		
CVE-2003-1420,0.00441,0.61992		
CVE-2003-1421,0.00443,0.62121		
CVE-2003-1422,0.00336,0.5561		
CVE-2003-1423,0.0023,0.45885		
CVE-2003-1424,0.0043,0.61387		
CVE-2003-1425,0.03679,0.87244		
CVE-2003-1426,0.0006,0.19107		
CVE-2003-1427,0.03055,0.8595		
CVE-2003-1428,0.00059,0.1884		
CVE-2003-1429,0.03605,0.87108		
CVE-2003-1430,0.02417,0.84187		
CVE-2003-1431,0.04164,0.88032		
CVE-2003-1432,0.18681,0.94883		
CVE-2003-1433,0.00581,0.6766		
CVE-2003-1434,0.00447,0.6228		
CVE-2003-1435,0.00015,0.01991		
CVE-2003-1436,0.01022,0.76007		
CVE-2003-1437,0.00033,0.07976		
CVE-2003-1438,0.00254,0.48651		
CVE-2003-1439,0.00287,0.51741		
CVE-2003-1440,0.00683,0.70375		
CVE-2003-1441,0.00683,0.70375		
CVE-2003-1442,0.02356,0.83995		
CVE-2003-1443,0.00052,0.16061		
CVE-2003-1444,0.00052,0.16061		
CVE-2003-1445,0.00211,0.43923		
CVE-2003-1446,0.00066,0.20932		
CVE-2003-1447,0.00036,0.09073		
CVE-2003-1448,0.27388,0.96077		
CVE-2003-1449,0.00254,0.48613		
CVE-2003-1450,0.08512,0.91862		
CVE-2003-1451,0.02694,0.85042		
CVE-2003-1452,0.00149,0.36702		
CVE-2003-1453,0.0029,0.51904		
CVE-2003-1454,0.00274,0.5047		
CVE-2003-1455,0.00054,0.17049		
CVE-2003-1456,0.04333,0.88256		
CVE-2003-1457,0.00256,0.48919		
CVE-2003-1458,0.00403,0.5982		
CVE-2003-1459,0.02899,0.85587		
CVE-2003-1460,0.00042,0.1225		
CVE-2003-1461,0.00304,0.53025		
CVE-2003-1462,0.0073,0.714		
CVE-2003-1463,0.04054,0.87868		
CVE-2003-1464,0.00719,0.71195		
CVE-2003-1465,0.00224,0.4519		
CVE-2003-1466,0.00595,0.68053		
CVE-2003-1467,0.0065,0.69572		
CVE-2003-1468,0.00027,0.05923		
CVE-2003-1469,0.01498,0.80066		
CVE-2003-1470,0.01919,0.8229		
CVE-2003-1471,0.00525,0.65748		
CVE-2003-1472,0.06758,0.90756		
CVE-2003-1473,0.00189,0.4133		
CVE-2003-1474,0.00046,0.14043		
CVE-2003-1475,0.00635,0.69151		
CVE-2003-1476,0.00057,0.17891		
CVE-2003-1477,0.00616,0.68672		
CVE-2003-1478,0.02168,0.83372		
CVE-2003-1479,0.00329,0.55038		
CVE-2003-1480,0.16138,0.94389		
CVE-2003-1481,0.02624,0.84827		
CVE-2003-1482,0.0044,0.61931		
CVE-2003-1483,0.00171,0.39325		
CVE-2003-1484,0.27616,0.96096		
CVE-2003-1485,0.00157,0.37668		
CVE-2003-1486,0.00285,0.51558		
CVE-2003-1487,0.08931,0.92076		
CVE-2003-1488,0.02624,0.84827		
CVE-2003-1489,0.00223,0.45154		
CVE-2003-1490,0.00411,0.60262		
CVE-2003-1491,0.00271,0.50286		
CVE-2003-1492,0.00235,0.46485		
CVE-2003-1493,0.00461,0.62915		
CVE-2003-1494,0.00461,0.62915		
CVE-2003-1495,0.00423,0.60979		
CVE-2003-1496,0.00264,0.49714		
CVE-2003-1497,0.00718,0.71165		
CVE-2003-1498,0.00588,0.67879		
CVE-2003-1499,0.02242,0.83617		
CVE-2003-1500,0.03734,0.87343		
CVE-2003-1501,0.00076,0.23746		
CVE-2003-1502,0.00052,0.16061		
CVE-2003-1503,0.06262,0.90356		
CVE-2003-1504,0.00301,0.52829		
CVE-2003-1505,0.24177,0.95704		
CVE-2003-1506,0.00474,0.63485		
CVE-2003-1507,0.00837,0.73402		
CVE-2003-1508,0.00761,0.72032		
CVE-2003-1509,0.00725,0.71304		
CVE-2003-1510,0.00577,0.67543		
CVE-2003-1511,0.00389,0.58925		
CVE-2003-1512,0.02856,0.85463		
CVE-2003-1513,0.0029,0.51904		
CVE-2003-1514,0.00731,0.7143		
CVE-2003-1515,0.00671,0.70086		
CVE-2003-1516,0.02509,0.84494		
CVE-2003-1517,0.02321,0.83876		
CVE-2003-1518,0.03684,0.87251		
CVE-2003-1519,0.00255,0.48808		
CVE-2003-1520,0.00431,0.61438		
CVE-2003-1521,0.02053,0.82852		
CVE-2003-1522,0.0029,0.51904		
CVE-2003-1523,0.00397,0.59446		
CVE-2003-1524,0.00062,0.19677		
CVE-2003-1525,0.00334,0.55378		
CVE-2003-1526,0.00012,0.01025		
CVE-2003-1527,0.00603,0.68288		
CVE-2003-1528,0.00025,0.05053		
CVE-2003-1529,0.00283,0.51304		
CVE-2003-1530,0.0032,0.54289		
CVE-2003-1531,0.00515,0.65298		
CVE-2003-1532,0.00411,0.60306		
CVE-2003-1533,0.00291,0.52032		
CVE-2003-1534,0.00329,0.55038		
CVE-2003-1535,0.0366,0.87212		
CVE-2003-1536,0.00579,0.67581		
CVE-2003-1537,0.00101,0.29067		
CVE-2003-1538,0.00452,0.62481		
CVE-2003-1539,0.00285,0.51558		
CVE-2003-1540,0.04324,0.88243		
CVE-2003-1541,0.0461,0.88623		
CVE-2003-1542,0.00171,0.39235		
CVE-2003-1543,0.00407,0.60032		
CVE-2003-1544,0.30177,0.96357		
CVE-2003-1545,0.04673,0.88703		
CVE-2003-1546,0.00329,0.55038		
CVE-2003-1547,0.00028,0.06059		
CVE-2003-1548,0.05142,0.89272		
CVE-2003-1549,0.00503,0.64736		
CVE-2003-1550,0.04962,0.89053		
CVE-2003-1551,0.00231,0.45958		
CVE-2003-1552,0.01314,0.78707		
CVE-2003-1553,0.02343,0.83956		
CVE-2003-1554,0.00475,0.63591		
CVE-2003-1555,0.04478,0.88449		
CVE-2003-1556,0.00254,0.48737		
CVE-2003-1557,0.10935,0.92985		
CVE-2003-1558,0.02899,0.85586		
CVE-2003-1559,0.39879,0.97091		
CVE-2003-1560,0.0025,0.48334		
CVE-2003-1561,0.0025,0.48334		
CVE-2003-1562,0.01272,0.78382		
CVE-2003-1563,0.00066,0.20852		
CVE-2003-1564,0.0076,0.72021		
CVE-2003-1566,0.09301,0.92263		
CVE-2003-1567,0.82689,0.99169		
CVE-2003-1568,0.00436,0.61792		
CVE-2003-1569,0.00436,0.61792		
CVE-2003-1570,0.00301,0.52748		
CVE-2003-1571,0.02835,0.85411		
CVE-2003-1572,0.00419,0.6072		
CVE-2003-1573,0.03443,0.86812		
CVE-2003-1574,0.0034,0.55778		
CVE-2003-1575,0.00051,0.15671		
CVE-2003-1576,0.05924,0.90072		
CVE-2003-1577,0.00296,0.5245		
CVE-2003-1578,0.00285,0.51558		
CVE-2003-1579,0.00224,0.45177		
CVE-2003-1580,0.00611,0.68524		
CVE-2003-1581,0.00828,0.73231		
CVE-2003-1582,0.04959,0.89051		
CVE-2003-1583,0.00225,0.45387		
CVE-2003-1584,0.00225,0.45387		
CVE-2003-1585,0.00225,0.45387		
CVE-2003-1586,0.00225,0.45387		
CVE-2003-1587,0.00225,0.45387		
CVE-2003-1588,0.00056,0.17636		
CVE-2003-1589,0.00361,0.57286		
CVE-2003-1590,0.00436,0.61792		
CVE-2003-1591,0.004,0.59603		
CVE-2003-1592,0.01514,0.80167		
CVE-2003-1593,0.00132,0.34145		
CVE-2003-1594,0.00132,0.34145		
CVE-2003-1595,0.00291,0.52015		
CVE-2003-1596,0.00108,0.30395		
CVE-2003-1598,0.01082,0.76625		
CVE-2003-1599,0.00913,0.74588		
CVE-2003-1603,0.00615,0.68636		
CVE-2003-1604,0.00652,0.69618		
CVE-2003-1605,0.00402,0.59709		
CVE-2003-20001,0.01002,0.75767		
CVE-2003-5001,0.00316,0.53948		
CVE-2003-5002,0.00142,0.35565		
CVE-2003-5003,0.00279,0.5092		
